purchase_id,student_id,purchase_type,date_purchased
15781,258800,Annual,2022-01-01
15786,258803,Annual,2022-01-01
15808,258862,Annual,2022-01-01
15809,258865,Annual,2022-01-01
15811,258878,Annual,2022-01-01
15813,258908,Monthly,2022-01-01
15816,258916,Annual,2022-01-02
15827,258984,Annual,2022-01-02
15829,259039,Monthly,2022-01-02
15844,259106,Annual,2022-01-03
15845,258818,Annual,2022-01-03
15846,258955,Annual,2022-01-03
15853,259209,Annual,2022-01-04
15862,258922,Annual,2022-01-04
15863,259028,Monthly,2022-01-04
15865,259258,Monthly,2022-01-04
15867,259026,Monthly,2022-01-04
15869,259273,Monthly,2022-01-04
15872,259305,Monthly,2022-01-05
15885,259268,Monthly,2022-01-05
15889,259408,Monthly,2022-01-05
15890,259429,Annual,2022-01-06
15891,259447,Annual,2022-01-06
15903,259534,Monthly,2022-01-06
15905,259174,Annual,2022-01-07
15916,259614,Annual,2022-01-07
15917,259510,Monthly,2022-01-07
15918,259635,Annual,2022-01-07
15921,259684,Annual,2022-01-08
15931,259702,Monthly,2022-01-08
15932,259260,Annual,2022-01-08
15933,258980,Annual,2022-01-08
15934,259727,Annual,2022-01-08
15936,259657,Annual,2022-01-08
15941,258822,Monthly,2022-01-09
15952,259504,Monthly,2022-01-09
15954,259476,Monthly,2022-01-09
15955,259777,Monthly,2022-01-09
15956,258971,Monthly,2022-01-09
15957,259862,Annual,2022-01-09
15958,259283,Monthly,2022-01-09
15960,259865,Monthly,2022-01-10
15961,259664,Annual,2022-01-10
15965,259549,Annual,2022-01-10
15966,259731,Monthly,2022-01-10
15971,259473,Annual,2022-01-10
15972,259938,Monthly,2022-01-10
15973,259860,Monthly,2022-01-10
15975,259952,Annual,2022-01-10
15976,259953,Annual,2022-01-10
15978,259959,Annual,2022-01-10
15979,259965,Monthly,2022-01-10
15987,260029,Annual,2022-01-11
15990,259834,Annual,2022-01-11
15992,259262,Annual,2022-01-11
15995,259689,Monthly,2022-01-11
15996,259437,Annual,2022-01-11
15999,259969,Annual,2022-01-12
16000,259506,Annual,2022-01-12
16001,259973,Monthly,2022-01-11
16003,260111,Annual,2022-01-12
16007,260126,Annual,2022-01-12
16011,260132,Annual,2022-01-12
16020,260168,Annual,2022-01-12
16021,260180,Monthly,2022-01-12
16022,260181,Annual,2022-01-12
16023,260164,Quarterly,2022-01-12
16027,260173,Quarterly,2022-01-13
16028,260217,Annual,2022-01-13
16048,259996,Monthly,2022-01-13
16050,260192,Annual,2022-01-13
16051,259464,Monthly,2022-01-13
16052,260291,Annual,2022-01-13
16053,260324,Monthly,2022-01-13
16055,260335,Annual,2022-01-14
16057,260354,Monthly,2022-01-14
16082,260423,Annual,2022-01-14
16084,260211,Monthly,2022-01-14
16085,260465,Monthly,2022-01-14
16086,260483,Annual,2022-01-15
16087,260494,Monthly,2022-01-15
16106,260356,Monthly,2022-01-15
16107,260549,Annual,2022-01-15
16109,260321,Annual,2022-01-15
16111,260578,Annual,2022-01-15
16112,260486,Annual,2022-01-16
16117,260616,Annual,2022-01-16
16129,260646,Monthly,2022-01-16
16131,260649,Annual,2022-01-16
16135,260707,Annual,2022-01-17
16136,260593,Annual,2022-01-17
16140,260742,Monthly,2022-01-17
16158,260809,Annual,2022-01-17
16159,260815,Annual,2022-01-17
16166,260829,Annual,2022-01-18
16167,260329,Annual,2022-01-18
16168,260842,Annual,2022-01-18
16169,260033,Annual,2022-01-18
16176,260855,Annual,2022-01-18
16186,260664,Annual,2022-01-18
16188,260865,Annual,2022-01-18
16191,260885,Monthly,2022-01-18
16192,260834,Annual,2022-01-18
16194,260891,Annual,2022-01-18
16198,260909,Monthly,2022-01-18
16199,260910,Annual,2022-01-19
16200,260920,Annual,2022-01-19
16201,260913,Monthly,2022-01-19
16203,260572,Annual,2022-01-19
16217,260952,Annual,2022-01-19
16218,260898,Monthly,2022-01-19
16219,260954,Annual,2022-01-19
16225,260968,Annual,2022-01-19
16226,260971,Annual,2022-01-19
16228,260977,Annual,2022-01-19
16230,260176,Annual,2022-01-19
16231,260991,Annual,2022-01-19
16232,260988,Annual,2022-01-19
16237,260998,Annual,2022-01-20
16261,261022,Annual,2022-01-20
16264,260608,Annual,2022-01-20
16265,261039,Annual,2022-01-20
16266,260684,Annual,2022-01-20
16269,261061,Annual,2022-01-20
16271,261072,Annual,2022-01-20
16272,261073,Monthly,2022-01-20
16275,261084,Annual,2022-01-20
16277,261086,Annual,2022-01-20
16285,261110,Annual,2022-01-21
16287,260216,Annual,2022-01-21
16289,261132,Monthly,2022-01-21
16316,260754,Annual,2022-01-21
16318,259483,Annual,2022-01-21
16319,261158,Annual,2022-01-21
16320,261173,Annual,2022-01-21
16321,260813,Annual,2022-01-21
16322,261177,Annual,2022-01-21
16324,261183,Annual,2022-01-21
16333,261217,Annual,2022-01-22
16334,261212,Monthly,2022-01-22
16335,261121,Annual,2022-01-22
16336,261227,Annual,2022-01-22
16337,261228,Monthly,2022-01-22
16353,261241,Annual,2022-01-22
16355,260831,Annual,2022-01-22
16356,261263,Annual,2022-01-22
16357,261019,Annual,2022-01-22
16358,261268,Monthly,2022-01-22
16359,261210,Annual,2022-01-22
16360,261003,Annual,2022-01-22
16361,261085,Annual,2022-01-22
16362,261276,Annual,2022-01-22
16365,261288,Annual,2022-01-23
16367,261293,Annual,2022-01-23
16368,261295,Annual,2022-01-23
16387,261359,Annual,2022-01-23
16388,261349,Annual,2022-01-23
16389,261059,Annual,2022-01-23
16390,261367,Annual,2022-01-23
16391,261374,Annual,2022-01-23
16393,261389,Annual,2022-01-24
16394,261390,Annual,2022-01-24
16396,261412,Annual,2022-01-24
16404,261417,Annual,2022-01-24
16408,259283,Annual,2022-01-24
16409,259494,Annual,2022-01-24
16411,261446,Annual,2022-01-24
16414,261452,Annual,2022-01-24
16415,261483,Annual,2022-01-24
16419,261490,Annual,2022-01-24
16421,261495,Annual,2022-01-24
16422,259523,Annual,2022-01-25
16423,260702,Annual,2022-01-25
16425,261291,Annual,2022-01-25
16426,260850,Monthly,2022-01-25
16427,261171,Annual,2022-01-25
16428,261408,Annual,2022-01-25
16430,261538,Annual,2022-01-25
16441,261552,Annual,2022-01-25
16442,260916,Annual,2022-01-25
16443,261558,Annual,2022-01-25
16445,261565,Annual,2022-01-25
16446,261567,Annual,2022-01-25
16448,261515,Annual,2022-01-25
16450,260345,Annual,2022-01-25
16452,261577,Annual,2022-01-25
16456,260915,Annual,2022-01-25
16458,261593,Annual,2022-01-25
16459,259171,Quarterly,2022-01-25
16462,260787,Annual,2022-01-26
16464,261585,Monthly,2022-01-26
16466,261603,Annual,2022-01-26
16467,261607,Annual,2022-01-26
16468,261610,Annual,2022-01-26
16469,261621,Annual,2022-01-26
16480,260024,Annual,2022-01-26
16481,261550,Annual,2022-01-26
16483,261633,Annual,2022-01-26
16489,261510,Annual,2022-01-26
16491,261491,Monthly,2022-01-26
16492,259300,Annual,2022-01-26
16493,261658,Annual,2022-01-26
16495,261661,Annual,2022-01-26
16497,261662,Annual,2022-01-26
16498,261455,Monthly,2022-01-26
16499,259524,Annual,2022-01-26
16500,261674,Annual,2022-01-26
16501,261679,Annual,2022-01-26
16502,261239,Annual,2022-01-26
16504,261685,Annual,2022-01-26
16506,261690,Annual,2022-01-26
16511,261714,Annual,2022-01-27
16519,261721,Annual,2022-01-27
16521,261724,Monthly,2022-01-27
16522,261522,Annual,2022-01-27
16525,261735,Annual,2022-01-27
16527,261323,Annual,2022-01-27
16529,261337,Annual,2022-01-27
16532,261619,Annual,2022-01-27
16533,261654,Annual,2022-01-27
16535,260980,Annual,2022-01-27
16536,261519,Annual,2022-01-27
16538,261758,Annual,2022-01-27
16543,261756,Annual,2022-01-27
16544,258913,Annual,2022-01-27
16545,261766,Annual,2022-01-27
16546,261184,Annual,2022-01-27
16547,259054,Annual,2022-01-27
16548,261768,Annual,2022-01-27
16550,261771,Annual,2022-01-27
16552,261773,Monthly,2022-01-27
16553,261778,Annual,2022-01-27
16554,261779,Annual,2022-01-27
16555,261755,Annual,2022-01-27
16557,261682,Annual,2022-01-27
16559,261590,Annual,2022-01-27
16560,261783,Annual,2022-01-27
16563,261785,Annual,2022-01-27
16565,260698,Annual,2022-01-27
16567,261704,Annual,2022-01-27
16568,261737,Annual,2022-01-27
16573,261789,Annual,2022-01-28
16576,261782,Annual,2022-01-27
16577,261777,Annual,2022-01-27
16578,261791,Annual,2022-01-28
16579,261790,Annual,2022-01-28
16580,259870,Annual,2022-01-28
16582,261589,Annual,2022-01-28
16583,261796,Annual,2022-01-28
16585,261787,Annual,2022-01-28
16587,261801,Annual,2022-01-28
16588,261802,Annual,2022-01-28
16596,261808,Annual,2022-01-28
16597,261810,Annual,2022-01-28
16598,261809,Annual,2022-01-28
16600,261138,Annual,2022-01-28
16601,261813,Annual,2022-01-28
16603,261816,Annual,2022-01-28
16604,261817,Annual,2022-01-28
16605,261819,Annual,2022-01-28
16606,261820,Annual,2022-01-28
16607,261822,Annual,2022-01-28
16619,261825,Annual,2022-01-28
16628,259781,Annual,2022-01-27
16649,261466,Monthly,2022-01-29
16658,261995,Monthly,2022-01-30
16659,262071,Monthly,2022-01-31
16664,262068,Annual,2022-01-31
16665,261979,Quarterly,2022-01-31
16666,262119,Annual,2022-01-31
16670,262190,Monthly,2022-02-01
16672,262224,Annual,2022-02-01
16688,262198,Monthly,2022-02-01
16690,261692,Annual,2022-02-01
16691,262273,Annual,2022-02-01
16692,262288,Annual,2022-02-01
16697,261905,Annual,2022-02-02
16698,261608,Quarterly,2022-02-02
16701,259039,Monthly,2022-02-02
16707,262392,Annual,2022-02-02
16708,262406,Annual,2022-02-03
16711,262414,Annual,2022-02-03
16714,262470,Annual,2022-02-03
16722,262237,Annual,2022-02-03
16724,262550,Annual,2022-02-03
16726,262459,Annual,2022-02-04
16727,262599,Annual,2022-02-04
16733,259258,Monthly,2022-02-04
16736,259026,Monthly,2022-02-04
16737,262634,Annual,2022-02-04
16739,262648,Annual,2022-02-04
16741,262641,Annual,2022-02-05
16752,259408,Monthly,2022-02-05
16756,262750,Monthly,2022-02-05
16758,262754,Annual,2022-02-05
16759,262784,Annual,2022-02-05
16761,262792,Monthly,2022-02-05
16763,262596,Monthly,2022-02-06
16764,262643,Quarterly,2022-02-06
16765,262817,Annual,2022-02-06
16766,262821,Monthly,2022-02-06
16775,259534,Monthly,2022-02-06
16777,259305,Monthly,2022-02-06
16778,262826,Annual,2022-02-06
16779,262613,Monthly,2022-02-06
16780,262861,Annual,2022-02-06
16781,262675,Monthly,2022-02-06
16782,262908,Monthly,2022-02-07
16786,259510,Monthly,2022-02-07
16787,261554,Annual,2022-02-07
16788,262944,Annual,2022-02-07
16789,262955,Annual,2022-02-07
16790,262738,Annual,2022-02-07
16791,262967,Monthly,2022-02-07
16792,262992,Monthly,2022-02-07
16793,263000,Annual,2022-02-07
16801,259702,Monthly,2022-02-08
16827,263065,Annual,2022-02-08
16855,263104,Monthly,2022-02-08
16856,263112,Monthly,2022-02-08
16857,263118,Annual,2022-02-08
16858,263120,Annual,2022-02-08
16859,263126,Monthly,2022-02-08
16862,263076,Monthly,2022-02-09
16868,259283,Monthly,2022-02-09
16872,259777,Annual,2022-02-09
16874,262726,Annual,2022-02-09
16876,262988,Annual,2022-02-09
16877,261668,Monthly,2022-02-09
16878,263216,Annual,2022-02-09
16879,262377,Annual,2022-02-09
16880,262973,Quarterly,2022-02-09
16883,263146,Annual,2022-02-10
16888,259965,Monthly,2022-02-10
16890,259860,Monthly,2022-02-10
16895,259938,Monthly,2022-02-10
16896,262819,Annual,2022-02-10
16897,262580,Monthly,2022-02-10
16898,263296,Annual,2022-02-10
16899,263210,Monthly,2022-02-10
16900,261883,Monthly,2022-02-10
16903,263321,Annual,2022-02-11
16904,263087,Annual,2022-02-11
16914,259689,Monthly,2022-02-11
16920,261828,Monthly,2022-02-11
16921,263392,Annual,2022-02-11
16922,263300,Annual,2022-02-12
16927,260180,Monthly,2022-02-12
16933,259865,Monthly,2022-02-12
16934,263231,Annual,2022-02-12
16935,263472,Annual,2022-02-12
16936,263480,Monthly,2022-02-13
16937,263483,Monthly,2022-02-13
16948,259996,Monthly,2022-02-13
16949,263531,Annual,2022-02-13
16950,263535,Annual,2022-02-13
16952,263545,Annual,2022-02-13
16953,263368,Annual,2022-02-13
16954,263364,Monthly,2022-02-13
16955,263564,Annual,2022-02-13
16956,263481,Monthly,2022-02-14
16957,263501,Annual,2022-02-14
16962,260465,Monthly,2022-02-14
16969,260354,Monthly,2022-02-14
16971,260211,Monthly,2022-02-14
16973,258883,Annual,2022-01-01
16974,259070,Annual,2022-01-03
16975,259767,Annual,2022-01-09
16977,262457,Monthly,2022-02-14
16978,261626,Annual,2022-01-26
16979,261644,Annual,2022-01-26
16980,261647,Annual,2022-01-26
16981,261670,Annual,2022-01-26
16982,262297,Annual,2022-02-01
16983,262421,Annual,2022-02-03
16984,262585,Annual,2022-02-03
16985,262677,Annual,2022-02-04
16987,263639,Annual,2022-02-14
16994,263672,Monthly,2022-02-14
16995,263672,Annual,2022-02-14
16998,263692,Annual,2022-02-14
16999,263551,Monthly,2022-02-14
17003,263494,Annual,2022-02-15
17013,260774,Monthly,2022-02-15
17015,263479,Monthly,2022-02-15
17017,263759,Annual,2022-02-15
17018,263776,Annual,2022-02-15
17019,263783,Monthly,2022-02-15
17020,263363,Annual,2022-02-15
17021,263536,Monthly,2022-02-15
17022,263690,Monthly,2022-02-15
17026,263791,Monthly,2022-02-16
17032,260646,Monthly,2022-02-16
17040,263842,Annual,2022-02-16
17042,263293,Annual,2022-02-16
17047,263798,Annual,2022-02-16
17058,261805,Annual,2022-02-17
17062,263933,Annual,2022-02-17
17065,263648,Annual,2022-02-17
17066,260742,Monthly,2022-02-17
17083,263941,Annual,2022-02-17
17086,263942,Monthly,2022-02-17
17096,263913,Monthly,2022-02-17
17106,260885,Monthly,2022-02-18
17107,263388,Annual,2022-02-18
17108,260042,Annual,2022-02-18
17109,264141,Annual,2022-02-18
17110,264076,Monthly,2022-02-18
17112,260356,Monthly,2022-02-18
17124,258930,Monthly,2022-02-19
17125,263496,Annual,2022-02-19
17126,264254,Monthly,2022-02-19
17127,262270,Monthly,2022-02-19
17128,264253,Monthly,2022-02-19
17129,262714,Quarterly,2022-02-20
17130,264290,Annual,2022-02-20
17133,263859,Annual,2022-02-20
17134,263497,Annual,2022-02-20
17139,261073,Monthly,2022-02-20
17146,264323,Annual,2022-02-20
17147,263650,Annual,2022-02-20
17148,264259,Monthly,2022-02-20
17149,263786,Monthly,2022-02-20
17152,263706,Annual,2022-02-21
17153,264391,Monthly,2022-02-21
17164,264417,Monthly,2022-02-21
17165,263920,Annual,2022-02-21
17169,264476,Annual,2022-02-21
17171,264513,Annual,2022-02-21
17179,261228,Monthly,2022-02-22
17183,261212,Monthly,2022-02-22
17189,264118,Annual,2022-02-22
17191,262412,Annual,2022-02-22
17192,264677,Annual,2022-02-23
17193,264679,Annual,2022-02-23
17195,264404,Annual,2022-02-23
17196,264694,Monthly,2022-02-23
17197,264696,Annual,2022-02-23
17198,264081,Monthly,2022-02-23
17208,264514,Monthly,2022-02-23
17209,264761,Monthly,2022-02-23
17210,264472,Monthly,2022-02-23
17211,264746,Monthly,2022-02-23
17214,264549,Annual,2022-02-24
17225,264637,Annual,2022-02-24
17226,264131,Annual,2022-02-24
17227,264916,Annual,2022-02-24
17229,264049,Annual,2022-02-24
17231,264888,Monthly,2022-02-25
17232,264146,Annual,2022-02-25
17241,264400,Annual,2022-02-25
17242,264826,Annual,2022-02-25
17243,264572,Annual,2022-02-25
17245,265044,Annual,2022-02-25
17246,264291,Monthly,2022-02-26
17250,265077,Annual,2022-02-26
17255,261491,Monthly,2022-02-26
17262,265130,Monthly,2022-02-26
17263,263661,Annual,2022-02-26
17264,265106,Annual,2022-02-26
17265,263683,Annual,2022-02-26
17266,264502,Monthly,2022-02-26
17269,265093,Annual,2022-02-27
17272,261724,Monthly,2022-02-27
17274,265201,Annual,2022-02-27
17276,265218,Annual,2022-02-27
17278,264699,Monthly,2022-02-27
17281,265250,Monthly,2022-02-27
17282,265110,Monthly,2022-02-27
17284,265121,Annual,2022-02-28
17285,264361,Monthly,2022-02-28
17306,261995,Monthly,2022-02-28
17316,261466,Monthly,2022-02-28
17323,265339,Annual,2022-02-28
17330,265337,Annual,2022-02-28
17331,264623,Annual,2022-02-28
17332,264425,Annual,2022-02-28
17334,265025,Annual,2022-02-28
17337,265390,Annual,2022-02-28
17338,264909,Annual,2022-02-28
17339,265023,Annual,2022-02-28
17340,265415,Annual,2022-02-28
17341,265418,Annual,2022-02-28
17342,265182,Monthly,2022-02-28
17344,265424,Monthly,2022-02-28
17349,265462,Annual,2022-03-01
17351,265317,Monthly,2022-03-01
17360,262190,Monthly,2022-03-01
17368,265262,Monthly,2022-03-01
17369,265483,Monthly,2022-03-01
17370,265302,Monthly,2022-03-01
17372,265519,Monthly,2022-03-01
17373,265506,Monthly,2022-03-01
17374,265328,Annual,2022-03-01
17375,265572,Annual,2022-03-02
17377,265581,Annual,2022-03-02
17380,259039,Monthly,2022-03-02
17385,265618,Monthly,2022-03-02
17386,265578,Monthly,2022-03-02
17387,262569,Monthly,2022-03-02
17388,263677,Annual,2022-03-02
17391,265714,Annual,2022-03-03
17395,262421,Monthly,2022-03-03
17400,265241,Monthly,2022-03-03
17402,265176,Monthly,2022-03-04
17403,265813,Annual,2022-03-04
17404,265779,Monthly,2022-03-04
17408,259258,Monthly,2022-03-04
17412,262677,Monthly,2022-03-04
17415,259026,Monthly,2022-03-04
17416,264856,Quarterly,2022-03-04
17417,265879,Annual,2022-03-04
17418,265686,Annual,2022-03-04
17420,265902,Monthly,2022-03-04
17421,265918,Annual,2022-03-04
17423,265928,Annual,2022-03-05
17425,259408,Monthly,2022-03-05
17428,262750,Monthly,2022-03-05
17436,262792,Monthly,2022-03-05
17437,258832,Monthly,2022-03-05
17440,265966,Monthly,2022-03-05
17442,265970,Annual,2022-03-05
17443,265878,Monthly,2022-03-05
17444,266001,Monthly,2022-03-06
17445,262596,Monthly,2022-03-06
17446,259534,Monthly,2022-03-06
17452,262821,Monthly,2022-03-06
17457,266045,Annual,2022-03-06
17459,265489,Annual,2022-03-06
17462,266099,Annual,2022-03-06
17464,265789,Annual,2022-03-06
17467,266123,Monthly,2022-03-06
17470,265967,Annual,2022-03-07
17471,266136,Annual,2022-03-07
17472,264732,Monthly,2022-03-07
17475,260861,Annual,2022-03-07
17477,261753,Monthly,2022-03-07
17478,260964,Monthly,2022-03-07
17481,265653,Annual,2022-03-07
17482,264563,Monthly,2022-03-07
17483,262992,Monthly,2022-03-07
17484,266308,Annual,2022-03-07
17485,263693,Monthly,2022-03-07
17486,265449,Annual,2022-03-08
17487,266332,Annual,2022-03-08
17488,259702,Monthly,2022-03-08
17498,266386,Monthly,2022-03-08
17499,266402,Monthly,2022-03-08
17500,261668,Annual,2022-03-08
17501,266325,Monthly,2022-03-08
17502,263104,Monthly,2022-03-08
17503,263112,Monthly,2022-03-08
17504,265588,Annual,2022-03-08
17505,265628,Annual,2022-03-08
17511,266492,Annual,2022-03-09
17512,263076,Monthly,2022-03-09
17521,266529,Annual,2022-03-09
17525,266410,Annual,2022-03-09
17526,266455,Monthly,2022-03-09
17527,266366,Monthly,2022-03-09
17529,262221,Quarterly,2022-03-10
17531,266548,Monthly,2022-03-10
17540,259860,Monthly,2022-03-10
17545,259965,Monthly,2022-03-10
17547,266549,Monthly,2022-03-10
17548,263845,Monthly,2022-03-10
17551,266489,Annual,2022-03-10
17552,266249,Annual,2022-03-10
17553,266693,Annual,2022-03-10
17554,263210,Monthly,2022-03-10
17555,261883,Monthly,2022-03-10
17556,266544,Annual,2022-03-10
17557,266462,Monthly,2022-03-10
17558,266603,Annual,2022-03-10
17559,266615,Monthly,2022-03-10
17560,266485,Annual,2022-03-11
17561,262908,Monthly,2022-03-11
17571,266788,Monthly,2022-03-11
17572,266766,Annual,2022-03-11
17573,266810,Annual,2022-03-11
17574,261828,Monthly,2022-03-11
17575,266875,Annual,2022-03-11
17576,266614,Annual,2022-03-11
17578,266894,Monthly,2022-03-11
17580,266316,Annual,2022-03-12
17586,260180,Monthly,2022-03-12
17588,263529,Annual,2022-03-12
17590,266962,Monthly,2022-03-12
17591,266758,Annual,2022-03-12
17592,266680,Monthly,2022-03-12
17593,266975,Monthly,2022-03-12
17594,267011,Annual,2022-03-12
17595,264687,Annual,2022-03-12
17596,267010,Annual,2022-03-12
17597,263480,Monthly,2022-03-13
17598,263483,Monthly,2022-03-13
17601,259996,Monthly,2022-03-13
17616,267114,Monthly,2022-03-13
17617,265310,Annual,2022-03-13
17619,266106,Annual,2022-03-13
17620,266512,Annual,2022-03-13
17622,266616,Monthly,2022-03-13
17623,263481,Monthly,2022-03-14
17624,266496,Annual,2022-03-14
17625,267174,Annual,2022-03-14
17626,260465,Monthly,2022-03-14
17634,267203,Annual,2022-03-14
17636,266754,Annual,2022-03-14
17637,264552,Monthly,2022-03-14
17638,266095,Monthly,2022-03-14
17639,267254,Monthly,2022-03-14
17640,266108,Annual,2022-03-14
17642,266584,Annual,2022-03-15
17656,267358,Monthly,2022-03-15
17657,263479,Monthly,2022-03-15
17659,267413,Monthly,2022-03-15
17660,267418,Monthly,2022-03-15
17661,263783,Monthly,2022-03-15
17662,267432,Monthly,2022-03-15
17663,263690,Monthly,2022-03-15
17665,267048,Annual,2022-03-16
17668,263791,Monthly,2022-03-16
17677,260646,Monthly,2022-03-16
17689,267546,Monthly,2022-03-16
17692,267496,Annual,2022-03-16
17693,267487,Monthly,2022-03-16
17694,267613,Annual,2022-03-16
17699,267662,Monthly,2022-03-17
17721,267064,Annual,2022-03-17
17723,267558,Annual,2022-03-17
17725,267106,Annual,2022-03-17
17726,263913,Monthly,2022-03-17
17728,261325,Monthly,2022-03-17
17729,266725,Monthly,2022-03-17
17730,261680,Annual,2022-03-17
17734,267721,Monthly,2022-03-18
17735,267778,Monthly,2022-03-18
17736,267765,Annual,2022-03-18
17762,267515,Annual,2022-03-18
17764,267843,Monthly,2022-03-18
17765,267854,Annual,2022-03-18
17767,267026,Annual,2022-03-18
17768,267916,Annual,2022-03-19
17769,267919,Annual,2022-03-19
17770,267930,Monthly,2022-03-19
17784,267443,Monthly,2022-03-19
17786,264254,Monthly,2022-03-19
17787,267812,Monthly,2022-03-19
17788,262270,Monthly,2022-03-19
17790,268045,Monthly,2022-03-20
17792,261073,Monthly,2022-03-20
17799,268011,Annual,2022-03-20
17802,264259,Monthly,2022-03-20
17803,267286,Annual,2022-03-20
17804,267949,Annual,2022-03-20
17807,267168,Annual,2022-03-21
17808,268152,Annual,2022-03-21
17811,264391,Monthly,2022-03-21
17812,268053,Annual,2022-03-21
17826,264417,Monthly,2022-03-21
17831,259491,Annual,2022-03-21
17833,268224,Annual,2022-03-21
17834,268226,Monthly,2022-03-21
17836,263934,Monthly,2022-03-21
17837,267114,Annual,2022-03-21
17840,262203,Annual,2022-03-22
17844,268257,Annual,2022-03-22
17845,264081,Annual,2022-03-22
17847,262761,Annual,2022-03-22
17851,261212,Monthly,2022-03-22
17862,261228,Monthly,2022-03-22
17865,268331,Annual,2022-03-22
17866,268337,Annual,2022-03-22
17868,268346,Annual,2022-03-22
17869,268344,Annual,2022-03-22
17870,268352,Annual,2022-03-22
17871,268373,Annual,2022-03-23
17887,268389,Annual,2022-03-23
17889,268357,Annual,2022-03-23
17892,268408,Annual,2022-03-23
17893,268410,Annual,2022-03-23
17894,268412,Monthly,2022-03-23
17895,264472,Monthly,2022-03-23
17896,268293,Annual,2022-03-23
17898,267643,Annual,2022-03-23
17901,268348,Annual,2022-03-24
17902,267498,Monthly,2022-03-24
17903,268374,Annual,2022-03-24
17920,268461,Annual,2022-03-24
17921,268465,Annual,2022-03-24
17923,267391,Annual,2022-03-24
17924,268113,Monthly,2022-03-24
17925,268473,Annual,2022-03-24
17927,268480,Annual,2022-03-24
17932,264761,Monthly,2022-03-24
17935,268510,Annual,2022-03-24
17937,264888,Monthly,2022-03-25
17938,266012,Annual,2022-03-25
17940,268527,Annual,2022-03-25
17941,268420,Annual,2022-03-25
17942,268511,Annual,2022-03-25
17953,267898,Annual,2022-03-25
17954,268553,Annual,2022-03-25
17955,268558,Annual,2022-03-25
17956,268104,Annual,2022-03-25
17959,261990,Annual,2022-03-25
17960,268572,Annual,2022-03-25
17961,268129,Monthly,2022-03-25
17962,268574,Annual,2022-03-25
17964,268584,Annual,2022-03-25
17965,267195,Monthly,2022-03-25
17967,261724,Annual,2022-03-25
17969,264291,Monthly,2022-03-26
17972,268600,Annual,2022-03-26
17979,261491,Monthly,2022-03-26
17982,268321,Annual,2022-03-26
17986,268147,Annual,2022-03-26
17987,265101,Annual,2022-03-26
17988,268409,Monthly,2022-03-26
17989,267813,Annual,2022-03-26
17991,265130,Monthly,2022-03-26
17994,268641,Annual,2022-03-26
17997,265196,Monthly,2022-03-27
17999,259504,Annual,2022-03-27
18000,268545,Annual,2022-03-27
18002,268714,Annual,2022-03-27
18003,268715,Annual,2022-03-27
18005,265250,Monthly,2022-03-27
18006,265110,Monthly,2022-03-27
18007,259533,Annual,2022-03-27
18008,268742,Annual,2022-03-28
18009,268736,Annual,2022-03-28
18010,258930,Annual,2022-03-28
18031,261466,Monthly,2022-03-28
18037,268779,Annual,2022-03-28
18038,268764,Annual,2022-03-28
18039,264856,Annual,2022-03-28
18042,261582,Annual,2022-03-28
18043,268647,Annual,2022-03-28
18044,268796,Monthly,2022-03-28
18050,265182,Monthly,2022-03-28
18052,268827,Annual,2022-03-28
18053,268830,Annual,2022-03-28
18056,268768,Annual,2022-03-29
18058,268866,Annual,2022-03-29
18060,268718,Annual,2022-03-29
18061,268876,Annual,2022-03-29
18062,260356,Annual,2022-03-29
18063,268643,Annual,2022-03-29
18064,268877,Annual,2022-03-29
18067,268800,Annual,2022-03-29
18068,267812,Annual,2022-03-29
18069,262044,Annual,2022-03-29
18072,268897,Annual,2022-03-29
18074,268903,Annual,2022-03-29
18079,261200,Annual,2022-03-29
18080,265927,Annual,2022-03-29
18081,264368,Annual,2022-03-29
18082,268915,Annual,2022-03-29
18084,268923,Annual,2022-03-29
18085,268732,Annual,2022-03-30
18086,268892,Annual,2022-03-30
18087,268926,Annual,2022-03-30
18088,268792,Annual,2022-03-30
18089,268935,Annual,2022-03-30
18090,263453,Annual,2022-03-30
18091,268940,Annual,2022-03-30
18092,262112,Annual,2022-03-30
18097,268287,Annual,2022-03-30
18098,268962,Annual,2022-03-30
18100,263008,Annual,2022-03-30
18104,268990,Annual,2022-03-30
18105,260964,Annual,2022-03-30
18107,268989,Annual,2022-03-30
18108,268817,Annual,2022-03-30
18109,262386,Annual,2022-03-30
18112,269000,Annual,2022-03-30
18113,267936,Annual,2022-03-30
18116,262580,Annual,2022-03-30
18117,268922,Annual,2022-03-30
18118,269012,Annual,2022-03-30
18120,269010,Annual,2022-03-30
18121,268978,Annual,2022-03-30
18122,269016,Annual,2022-03-30
18125,267959,Annual,2022-03-30
18126,269020,Annual,2022-03-30
18128,269024,Annual,2022-03-30
18130,269027,Annual,2022-03-30
18133,269038,Annual,2022-03-30
18134,269040,Annual,2022-03-30
18136,269046,Annual,2022-03-30
18137,269047,Monthly,2022-03-30
18138,268618,Annual,2022-03-30
18142,268516,Annual,2022-03-30
18143,269050,Annual,2022-03-30
18145,269030,Annual,2022-03-30
18148,269036,Annual,2022-03-31
18150,261104,Annual,2022-03-31
18152,269053,Annual,2022-03-31
18153,268908,Annual,2022-03-31
18156,269054,Annual,2022-03-31
18158,258956,Monthly,2022-03-31
18161,269056,Annual,2022-03-31
18165,263252,Annual,2022-03-31
18166,263579,Annual,2022-03-31
18167,266477,Annual,2022-03-31
18169,269066,Annual,2022-03-31
18171,269070,Annual,2022-03-31
18174,268825,Annual,2022-03-31
18176,268929,Annual,2022-03-31
18179,269068,Annual,2022-03-31
18183,264131,Annual,2022-03-31
18184,268805,Annual,2022-03-31
18189,262148,Annual,2022-03-31
18192,269120,Annual,2022-03-31
18193,265906,Monthly,2022-03-31
18197,269174,Annual,2022-04-01
18200,269188,Monthly,2022-04-01
18201,269204,Annual,2022-04-01
18202,265317,Monthly,2022-04-01
18203,262190,Monthly,2022-04-01
18212,265519,Monthly,2022-04-01
18213,268985,Annual,2022-04-01
18214,269314,Annual,2022-04-02
18222,259039,Monthly,2022-04-02
18226,265165,Annual,2022-04-02
18232,262421,Monthly,2022-04-03
18237,268556,Monthly,2022-04-03
18239,269220,Monthly,2022-04-03
18241,269485,Annual,2022-04-03
18242,269492,Annual,2022-04-03
18243,268390,Monthly,2022-04-03
18244,266112,Monthly,2022-04-04
18245,265176,Monthly,2022-04-04
18246,269549,Annual,2022-04-04
18247,268811,Annual,2022-04-04
18250,259026,Monthly,2022-04-04
18255,259258,Monthly,2022-04-04
18257,262677,Monthly,2022-04-04
18260,269013,Annual,2022-04-04
18261,269570,Monthly,2022-04-04
18262,269540,Annual,2022-04-04
18264,269594,Annual,2022-04-04
18265,269633,Monthly,2022-04-04
18266,265902,Monthly,2022-04-04
18268,269670,Annual,2022-04-05
18271,262792,Monthly,2022-04-05
18281,269518,Annual,2022-04-05
18282,267885,Monthly,2022-04-05
18284,269744,Monthly,2022-04-05
18286,265966,Monthly,2022-04-05
18289,265878,Monthly,2022-04-05
18291,269771,Monthly,2022-04-06
18292,269796,Quarterly,2022-04-06
18293,266001,Monthly,2022-04-06
18297,264253,Monthly,2022-04-06
18299,262821,Monthly,2022-04-06
18301,262596,Monthly,2022-04-06
18307,269662,Annual,2022-04-06
18308,268529,Monthly,2022-04-06
18309,269843,Monthly,2022-04-06
18310,269862,Annual,2022-04-06
18311,269470,Annual,2022-04-06
18314,269646,Monthly,2022-04-07
18315,269894,Monthly,2022-04-07
18316,269896,Annual,2022-04-07
18317,269741,Annual,2022-04-07
18318,269908,Monthly,2022-04-07
18319,269909,Monthly,2022-04-07
18320,269924,Annual,2022-04-07
18321,269934,Annual,2022-04-07
18322,264732,Monthly,2022-04-07
18329,259884,Monthly,2022-04-07
18330,269978,Annual,2022-04-07
18331,269981,Monthly,2022-04-07
18332,265005,Annual,2022-04-07
18333,269653,Monthly,2022-04-07
18334,270003,Annual,2022-04-07
18335,270000,Monthly,2022-04-07
18336,264563,Monthly,2022-04-07
18337,262992,Monthly,2022-04-07
18338,269535,Monthly,2022-04-07
18339,263693,Monthly,2022-04-07
18340,270014,Annual,2022-04-08
18341,270022,Annual,2022-04-08
18346,259702,Monthly,2022-04-08
18356,266386,Monthly,2022-04-08
18357,264502,Monthly,2022-04-08
18358,270098,Annual,2022-04-08
18359,270099,Monthly,2022-04-08
18360,266402,Monthly,2022-04-08
18363,269289,Annual,2022-04-08
18365,266325,Monthly,2022-04-08
18366,269976,Monthly,2022-04-08
18367,266731,Annual,2022-04-08
18369,263104,Monthly,2022-04-08
18370,270135,Annual,2022-04-08
18374,269671,Annual,2022-04-09
18375,263076,Monthly,2022-04-09
18376,270175,Monthly,2022-04-09
18388,270197,Annual,2022-04-09
18389,270209,Monthly,2022-04-09
18392,270042,Monthly,2022-04-09
18393,269457,Annual,2022-04-09
18394,266455,Monthly,2022-04-09
18395,266366,Monthly,2022-04-09
18396,270263,Annual,2022-04-10
18398,270265,Annual,2022-04-10
18400,270179,Monthly,2022-04-10
18401,266548,Monthly,2022-04-10
18405,259860,Monthly,2022-04-10
18406,259965,Monthly,2022-04-10
18408,270240,Quarterly,2022-04-10
18410,263845,Monthly,2022-04-10
18412,270324,Annual,2022-04-10
18415,263210,Monthly,2022-04-10
18416,269519,Annual,2022-04-10
18417,261883,Monthly,2022-04-10
18418,270075,Annual,2022-04-10
18419,269501,Annual,2022-04-10
18420,266462,Monthly,2022-04-10
18421,266615,Monthly,2022-04-10
18422,270247,Monthly,2022-04-10
18431,266788,Monthly,2022-04-11
18434,261828,Monthly,2022-04-11
18435,270363,Monthly,2022-04-11
18436,270455,Annual,2022-04-11
18437,270036,Monthly,2022-04-11
18438,270103,Monthly,2022-04-11
18439,269754,Annual,2022-04-11
18440,266894,Monthly,2022-04-12
18441,270517,Monthly,2022-04-12
18442,270518,Annual,2022-04-12
18443,270018,Monthly,2022-04-12
18447,260180,Monthly,2022-04-12
18449,260164,Quarterly,2022-04-12
18455,270596,Annual,2022-04-12
18457,265003,Monthly,2022-04-12
18459,270486,Monthly,2022-04-12
18460,262260,Monthly,2022-04-13
18461,270616,Monthly,2022-04-13
18463,270529,Annual,2022-04-13
18464,270648,Monthly,2022-04-13
18472,259996,Monthly,2022-04-13
18481,260173,Quarterly,2022-04-13
18485,270619,Monthly,2022-04-13
18488,270710,Monthly,2022-04-13
18489,269864,Annual,2022-04-13
18490,270700,Monthly,2022-04-13
18493,270738,Annual,2022-04-13
18494,266616,Monthly,2022-04-13
18496,269898,Annual,2022-04-14
18497,263481,Monthly,2022-04-14
18499,263483,Monthly,2022-04-14
18501,270062,Annual,2022-04-14
18503,260465,Monthly,2022-04-14
18516,270784,Annual,2022-04-14
18519,265848,Monthly,2022-04-14
18520,267254,Monthly,2022-04-14
18521,270811,Monthly,2022-04-14
18522,269975,Annual,2022-04-14
18540,267358,Monthly,2022-04-15
18541,270898,Annual,2022-04-15
18542,267413,Monthly,2022-04-15
18544,270906,Monthly,2022-04-15
18546,270367,Annual,2022-04-15
18548,263690,Monthly,2022-04-15
18549,270931,Annual,2022-04-15
18554,263791,Monthly,2022-04-16
18555,269130,Monthly,2022-04-16
18559,270957,Monthly,2022-04-16
18563,260646,Monthly,2022-04-16
18588,270244,Annual,2022-04-16
18589,267546,Monthly,2022-04-16
18591,271015,Annual,2022-04-16
18593,271029,Annual,2022-04-17
18595,270474,Annual,2022-04-17
18596,271035,Annual,2022-04-17
18610,271006,Monthly,2022-04-17
18612,271075,Monthly,2022-04-17
18614,271077,Monthly,2022-04-17
18616,271087,Monthly,2022-04-17
18617,271089,Monthly,2022-04-17
18618,263913,Monthly,2022-04-17
18619,270911,Annual,2022-04-17
18621,268242,Monthly,2022-04-17
18622,266725,Monthly,2022-04-17
18625,270848,Monthly,2022-04-18
18627,267721,Monthly,2022-04-18
18648,267843,Monthly,2022-04-18
18649,270824,Monthly,2022-04-18
18651,271220,Annual,2022-04-18
18653,271228,Monthly,2022-04-19
18656,267930,Monthly,2022-04-19
18657,270393,Monthly,2022-04-19
18660,271296,Monthly,2022-04-19
18675,262270,Quarterly,2022-04-19
18676,271310,Annual,2022-04-19
18677,264254,Monthly,2022-04-19
18678,270606,Annual,2022-04-19
18680,271326,Monthly,2022-04-20
18681,269984,Monthly,2022-04-20
18694,268863,Quarterly,2022-04-20
18696,271348,Annual,2022-04-20
18699,271388,Annual,2022-04-20
18700,271392,Monthly,2022-04-20
18702,270599,Monthly,2022-04-20
18703,271154,Annual,2022-04-20
18704,270968,Annual,2022-04-20
18705,264259,Monthly,2022-04-20
18706,271338,Monthly,2022-04-20
18713,271426,Monthly,2022-04-21
18715,268045,Monthly,2022-04-21
18733,264417,Monthly,2022-04-21
18737,263934,Monthly,2022-04-21
18740,270188,Monthly,2022-04-21
18743,264295,Monthly,2022-04-21
18747,271543,Annual,2022-04-22
18749,271557,Monthly,2022-04-22
18754,261212,Monthly,2022-04-22
18775,270744,Monthly,2022-04-22
18776,270930,Annual,2022-04-22
18777,271670,Annual,2022-04-23
18778,264514,Monthly,2022-04-23
18798,268412,Monthly,2022-04-23
18799,271094,Monthly,2022-04-23
18800,271720,Annual,2022-04-23
18802,267498,Monthly,2022-04-24
18803,271755,Annual,2022-04-24
18804,271300,Monthly,2022-04-24
18827,271760,Annual,2022-04-24
18834,264888,Monthly,2022-04-25
18835,271851,Annual,2022-04-25
18838,271197,Annual,2022-04-25
18839,271768,Annual,2022-04-25
18840,271787,Annual,2022-04-25
18842,261564,Quarterly,2022-04-25
18850,271664,Monthly,2022-04-25
18851,268129,Monthly,2022-04-25
18852,267195,Monthly,2022-04-25
18853,264291,Monthly,2022-04-26
18857,271761,Annual,2022-04-26
18859,271083,Monthly,2022-04-26
18865,261491,Monthly,2022-04-26
18870,266811,Monthly,2022-04-26
18871,272001,Monthly,2022-04-26
18872,272017,Monthly,2022-04-26
18873,271991,Annual,2022-04-26
18874,265130,Monthly,2022-04-26
18875,272027,Monthly,2022-04-26
18876,272029,Annual,2022-04-26
18877,271951,Annual,2022-04-26
18878,272035,Annual,2022-04-26
18879,271950,Monthly,2022-04-26
18880,271371,Annual,2022-04-26
18881,262487,Annual,2022-04-26
18882,271896,Annual,2022-04-26
18884,272063,Annual,2022-04-26
18889,272083,Monthly,2022-04-27
18893,265196,Monthly,2022-04-27
18906,265110,Monthly,2022-04-27
18907,271488,Annual,2022-04-27
18908,271519,Annual,2022-04-27
18909,271243,Annual,2022-04-28
18910,272191,Monthly,2022-04-28
18911,272198,Monthly,2022-04-28
18912,272199,Monthly,2022-04-28
18915,261466,Monthly,2022-04-28
18952,270833,Annual,2022-04-28
18957,272255,Monthly,2022-04-28
18958,268796,Monthly,2022-04-28
18959,271617,Annual,2022-04-28
18961,271872,Annual,2022-04-28
18963,271903,Annual,2022-04-28
18965,264502,Monthly,2022-04-28
18974,271465,Monthly,2022-04-29
18975,270671,Annual,2022-04-29
18979,269872,Monthly,2022-04-29
18980,265250,Monthly,2022-04-29
18983,258956,Monthly,2022-04-30
18985,272425,Annual,2022-04-30
18988,270509,Monthly,2022-04-30
18991,265906,Monthly,2022-04-30
18993,272463,Annual,2022-04-30
18994,272472,Monthly,2022-04-30
18999,269188,Monthly,2022-05-01
19001,272157,Monthly,2022-05-01
19014,272437,Monthly,2022-05-01
19015,271800,Annual,2022-05-01
19016,265519,Monthly,2022-05-01
19017,272543,Monthly,2022-05-01
19021,261608,Quarterly,2022-05-02
19026,259039,Monthly,2022-05-02
19031,272659,Annual,2022-05-03
19032,272510,Annual,2022-05-03
19034,262421,Monthly,2022-05-03
19038,269220,Monthly,2022-05-03
19039,272696,Monthly,2022-05-03
19040,270725,Monthly,2022-05-03
19041,266395,Monthly,2022-05-03
19043,272261,Monthly,2022-05-03
19044,272717,Monthly,2022-05-03
19045,272359,Annual,2022-05-03
19046,272128,Annual,2022-05-03
19047,265176,Monthly,2022-05-04
19053,259026,Monthly,2022-05-04
19055,262677,Monthly,2022-05-04
19061,259258,Monthly,2022-05-04
19063,263307,Annual,2022-05-04
19065,269570,Monthly,2022-05-04
19068,272452,Annual,2022-05-04
19069,272616,Monthly,2022-05-04
19070,272838,Annual,2022-05-04
19076,272596,Monthly,2022-05-05
19088,272282,Annual,2022-05-05
19089,270009,Monthly,2022-05-05
19090,272283,Annual,2022-05-05
19091,272902,Monthly,2022-05-05
19092,272903,Monthly,2022-05-05
19097,267885,Monthly,2022-05-05
19098,265966,Monthly,2022-05-05
19099,269744,Monthly,2022-05-05
19103,265878,Monthly,2022-05-05
19106,272909,Annual,2022-05-05
19107,269771,Monthly,2022-05-06
19109,266001,Monthly,2022-05-06
19111,272983,Annual,2022-05-06
19122,262821,Monthly,2022-05-06
19123,262596,Monthly,2022-05-06
19125,272991,Annual,2022-05-06
19127,265578,Annual,2022-05-06
19131,273017,Monthly,2022-05-06
19134,272965,Monthly,2022-05-06
19136,269894,Monthly,2022-05-07
19137,269646,Monthly,2022-05-07
19138,273034,Monthly,2022-05-07
19139,272979,Monthly,2022-05-07
19140,269908,Monthly,2022-05-07
19142,264732,Monthly,2022-05-07
19147,259884,Monthly,2022-05-07
19148,269981,Monthly,2022-05-07
19151,273117,Monthly,2022-05-07
19152,269653,Monthly,2022-05-07
19153,273126,Annual,2022-05-07
19154,270000,Monthly,2022-05-07
19155,271806,Monthly,2022-05-07
19156,263693,Monthly,2022-05-07
19157,273131,Annual,2022-05-08
19158,272865,Monthly,2022-05-08
19160,273164,Monthly,2022-05-08
19165,259702,Monthly,2022-05-08
19171,266402,Monthly,2022-05-08
19174,273214,Annual,2022-05-08
19175,266325,Monthly,2022-05-08
19176,272842,Monthly,2022-05-08
19177,269976,Monthly,2022-05-08
19178,263104,Monthly,2022-05-08
19180,273235,Annual,2022-05-08
19182,269843,Monthly,2022-05-09
19183,263076,Monthly,2022-05-09
19184,270175,Monthly,2022-05-09
19196,272906,Annual,2022-05-09
19198,270042,Monthly,2022-05-09
19199,266455,Monthly,2022-05-09
19200,266366,Monthly,2022-05-09
19201,272755,Annual,2022-05-10
19206,259965,Monthly,2022-05-10
19207,261189,Monthly,2022-05-10
19209,259860,Monthly,2022-05-10
19215,273371,Monthly,2022-05-10
19217,263210,Monthly,2022-05-10
19218,269633,Monthly,2022-05-10
19219,261883,Monthly,2022-05-10
19220,266462,Monthly,2022-05-10
19221,273499,Annual,2022-05-11
19223,272977,Quarterly,2022-05-11
19232,266788,Monthly,2022-05-11
19234,273423,Monthly,2022-05-11
19235,261828,Monthly,2022-05-11
19237,260833,Monthly,2022-05-11
19238,270036,Monthly,2022-05-11
19239,270103,Monthly,2022-05-11
19240,266894,Monthly,2022-05-12
19242,273628,Annual,2022-05-12
19243,273060,Annual,2022-05-12
19244,270018,Monthly,2022-05-12
19245,270517,Monthly,2022-05-12
19246,273654,Monthly,2022-05-12
19248,260180,Monthly,2022-05-12
19249,265317,Monthly,2022-05-12
19254,273695,Monthly,2022-05-12
19255,273671,Monthly,2022-05-12
19256,272923,Annual,2022-05-12
19257,270363,Monthly,2022-05-12
19258,273630,Annual,2022-05-12
19259,270460,Monthly,2022-05-12
19262,269064,Annual,2022-05-12
19263,270616,Monthly,2022-05-13
19264,262260,Monthly,2022-05-13
19266,263483,Monthly,2022-05-13
19268,273763,Annual,2022-05-13
19269,270648,Monthly,2022-05-13
19273,259996,Monthly,2022-05-13
19278,273839,Annual,2022-05-13
19279,272918,Monthly,2022-05-13
19280,270710,Monthly,2022-05-13
19284,269535,Monthly,2022-05-13
19285,266616,Monthly,2022-05-13
19286,263481,Monthly,2022-05-14
19287,273068,Annual,2022-05-14
19300,260465,Monthly,2022-05-14
19302,270811,Monthly,2022-05-14
19303,273978,Annual,2022-05-15
19304,273953,Monthly,2022-05-15
19312,274000,Annual,2022-05-15
19314,273249,Annual,2022-05-15
19316,274039,Annual,2022-05-15
19317,270906,Monthly,2022-05-15
19318,274057,Annual,2022-05-15
19319,263690,Monthly,2022-05-15
19321,270619,Monthly,2022-05-16
19324,269130,Monthly,2022-05-16
19325,273523,Annual,2022-05-16
19331,260646,Monthly,2022-05-16
19334,272175,Monthly,2022-05-16
19336,274137,Annual,2022-05-16
19337,267546,Monthly,2022-05-16
19339,265848,Monthly,2022-05-16
19342,274163,Annual,2022-05-16
19343,274162,Annual,2022-05-16
19344,274166,Monthly,2022-05-16
19346,273846,Annual,2022-05-16
19350,265241,Monthly,2022-05-17
19361,274157,Monthly,2022-05-17
19362,271089,Monthly,2022-05-17
19363,263913,Monthly,2022-05-17
19364,273841,Annual,2022-05-17
19366,266725,Monthly,2022-05-17
19367,268242,Monthly,2022-05-17
19368,274269,Annual,2022-05-17
19369,274273,Annual,2022-05-17
19372,273486,Monthly,2022-05-18
19373,270848,Monthly,2022-05-18
19375,267721,Monthly,2022-05-18
19376,274209,Annual,2022-05-18
19382,267843,Monthly,2022-05-18
19387,263888,Quarterly,2022-05-18
19388,274377,Annual,2022-05-18
19389,270824,Monthly,2022-05-18
19390,274382,Annual,2022-05-18
19391,274276,Monthly,2022-05-18
19393,267930,Monthly,2022-05-19
19394,274371,Monthly,2022-05-19
19398,274438,Annual,2022-05-19
19400,264254,Monthly,2022-05-19
19401,271326,Monthly,2022-05-20
19402,274402,Monthly,2022-05-20
19403,262714,Quarterly,2022-05-20
19404,268045,Monthly,2022-05-20
19405,269984,Monthly,2022-05-20
19406,274536,Annual,2022-05-20
19415,270902,Monthly,2022-05-20
19416,274433,Monthly,2022-05-20
19419,274521,Annual,2022-05-20
19420,274576,Annual,2022-05-20
19421,268883,Annual,2022-05-20
19422,269541,Annual,2022-05-20
19424,273329,Annual,2022-05-20
19425,274585,Annual,2022-05-20
19426,271508,Annual,2022-05-20
19427,272472,Annual,2022-05-20
19428,274597,Annual,2022-05-20
19429,274589,Monthly,2022-05-20
19430,271338,Monthly,2022-05-20
19431,274070,Annual,2022-05-20
19433,264295,Quarterly,2022-05-20
19446,273994,Annual,2022-05-21
19447,274631,Annual,2022-05-21
19448,264417,Monthly,2022-05-21
19451,274572,Annual,2022-05-21
19452,274639,Annual,2022-05-21
19454,271326,Annual,2022-05-21
19455,272504,Annual,2022-05-21
19457,274652,Annual,2022-05-21
19458,268857,Monthly,2022-05-21
19459,263934,Monthly,2022-05-21
19461,274498,Annual,2022-05-21
19462,261788,Monthly,2022-05-21
19463,274684,Annual,2022-05-22
19465,271557,Monthly,2022-05-22
19470,261212,Monthly,2022-05-22
19474,267824,Annual,2022-05-22
19479,270599,Monthly,2022-05-22
19480,270744,Monthly,2022-05-22
19482,270188,Monthly,2022-05-22
19483,274501,Monthly,2022-05-22
19484,274766,Annual,2022-05-23
19485,274779,Annual,2022-05-23
19486,274780,Annual,2022-05-23
19488,274798,Annual,2022-05-23
19489,274564,Annual,2022-05-23
19495,274630,Annual,2022-05-23
19496,274814,Annual,2022-05-23
19497,274825,Annual,2022-05-23
19498,271605,Annual,2022-05-23
19499,274838,Annual,2022-05-23
19500,274847,Annual,2022-05-23
19504,267498,Monthly,2022-05-24
19512,274908,Annual,2022-05-24
19514,274940,Annual,2022-05-24
19515,274951,Annual,2022-05-24
19520,274879,Annual,2022-05-25
19521,260929,Annual,2022-05-25
19523,274985,Annual,2022-05-25
19526,274904,Monthly,2022-05-25
19535,274996,Annual,2022-05-25
19537,271185,Annual,2022-05-25
19539,274958,Annual,2022-05-25
19541,268129,Monthly,2022-05-25
19542,272058,Annual,2022-05-25
19543,275049,Annual,2022-05-25
19544,275021,Annual,2022-05-25
19545,275050,Annual,2022-05-25
19546,267195,Monthly,2022-05-25
19547,274130,Annual,2022-05-25
19548,275056,Annual,2022-05-25
19549,264291,Monthly,2022-05-26
19552,274880,Annual,2022-05-26
19553,275069,Annual,2022-05-26
19556,275081,Annual,2022-05-26
19559,261491,Monthly,2022-05-26
19565,266811,Monthly,2022-05-26
19567,269959,Annual,2022-05-26
19568,270188,Annual,2022-05-26
19569,275113,Annual,2022-05-26
19570,265130,Monthly,2022-05-26
19571,275112,Annual,2022-05-26
19572,272027,Monthly,2022-05-26
19573,271664,Monthly,2022-05-26
19574,275126,Annual,2022-05-26
19575,271950,Monthly,2022-05-26
19576,275129,Annual,2022-05-26
19577,262821,Annual,2022-05-26
19578,274836,Monthly,2022-05-26
19581,264502,Monthly,2022-05-26
19583,275154,Annual,2022-05-27
19586,266395,Annual,2022-05-27
19587,274999,Annual,2022-05-27
19596,275103,Annual,2022-05-27
19602,262270,Annual,2022-05-27
19608,265250,Monthly,2022-05-27
19609,265110,Monthly,2022-05-27
19612,275246,Annual,2022-05-28
19613,272199,Monthly,2022-05-28
19614,271140,Annual,2022-05-28
19615,274681,Annual,2022-05-28
19622,261466,Monthly,2022-05-28
19638,261693,Annual,2022-05-28
19643,270393,Monthly,2022-05-28
19644,275273,Annual,2022-05-28
19645,275275,Annual,2022-05-28
19646,275277,Annual,2022-05-28
19647,275092,Annual,2022-05-28
19648,275276,Annual,2022-05-28
19649,272255,Monthly,2022-05-28
19650,263309,Annual,2022-05-28
19651,275292,Annual,2022-05-28
19652,275295,Annual,2022-05-28
19653,275282,Monthly,2022-05-28
19655,275293,Annual,2022-05-29
19663,275033,Annual,2022-05-29
19665,274645,Annual,2022-05-29
19666,275334,Annual,2022-05-29
19667,259860,Annual,2022-05-29
19668,275008,Annual,2022-05-29
19670,275343,Annual,2022-05-29
19671,275346,Annual,2022-05-29
19673,275347,Annual,2022-05-29
19676,275290,Annual,2022-05-29
19678,270928,Annual,2022-05-29
19679,267488,Annual,2022-05-29
19681,275286,Annual,2022-05-29
19682,275371,Annual,2022-05-29
19683,275373,Annual,2022-05-29
19685,275375,Annual,2022-05-29
19686,263456,Annual,2022-05-29
19690,267235,Annual,2022-05-30
19691,273936,Annual,2022-05-30
19692,275389,Monthly,2022-05-30
19693,271125,Annual,2022-05-30
19694,274861,Annual,2022-05-30
19696,275402,Annual,2022-05-30
19711,270509,Monthly,2022-05-30
19712,275412,Annual,2022-05-30
19714,274087,Annual,2022-05-30
19715,270183,Annual,2022-05-30
19717,259884,Annual,2022-05-30
19719,275438,Annual,2022-05-30
19720,275442,Annual,2022-05-30
19721,275444,Annual,2022-05-30
19722,274882,Annual,2022-05-30
19724,273992,Annual,2022-05-30
19725,275449,Annual,2022-05-30
19726,265906,Monthly,2022-05-30
19727,274906,Annual,2022-05-30
19729,274278,Annual,2022-05-30
19730,274901,Annual,2022-05-30
19731,275468,Annual,2022-05-30
19733,275479,Annual,2022-05-30
19735,275486,Annual,2022-05-31
19737,271856,Annual,2022-05-31
19738,258956,Monthly,2022-05-31
19739,275490,Annual,2022-05-31
19740,275163,Annual,2022-05-31
19741,274663,Annual,2022-05-31
19743,275498,Annual,2022-05-31
19744,275503,Annual,2022-05-31
19745,274050,Annual,2022-05-31
19746,275408,Annual,2022-05-31
19762,275510,Annual,2022-05-31
19763,275513,Annual,2022-05-31
19765,269937,Annual,2022-05-31
19767,275529,Annual,2022-05-31
19770,275470,Annual,2022-05-31
19771,275532,Annual,2022-05-31
19772,275533,Annual,2022-05-31
19773,271082,Annual,2022-05-31
19775,275100,Annual,2022-05-31
19777,275548,Annual,2022-05-31
19778,272586,Annual,2022-05-31
19779,275422,Annual,2022-05-31
19781,275554,Annual,2022-05-31
19782,275552,Annual,2022-05-31
19783,272965,Annual,2022-05-31
19784,275132,Annual,2022-05-31
19786,270009,Annual,2022-05-31
19788,275158,Monthly,2022-05-31
19789,275566,Annual,2022-05-31
19792,275413,Annual,2022-05-31
19795,271098,Annual,2022-05-31
19797,274611,Annual,2022-05-31
19798,275039,Monthly,2022-05-31
19800,275574,Annual,2022-05-31
19801,275362,Annual,2022-05-31
19803,274475,Annual,2022-05-31
19804,268178,Annual,2022-05-31
19805,275582,Annual,2022-05-31
19807,275148,Annual,2022-05-31
19808,272261,Annual,2022-05-31
19809,275583,Annual,2022-05-31
19811,275572,Annual,2022-05-31
19812,271114,Annual,2022-05-31
19813,275590,Annual,2022-05-31
19814,275591,Annual,2022-05-31
19816,275592,Annual,2022-06-01
19817,275571,Annual,2022-06-01
19818,275440,Annual,2022-06-01
19819,275593,Annual,2022-06-01
19821,275598,Annual,2022-06-01
19825,275589,Annual,2022-06-01
19826,271925,Annual,2022-06-01
19827,261004,Annual,2022-06-01
19828,275612,Annual,2022-06-01
19829,275629,Annual,2022-06-01
19830,275624,Annual,2022-06-01
19831,275637,Annual,2022-06-01
19833,275644,Annual,2022-06-01
19834,275457,Annual,2022-06-01
19835,275165,Annual,2022-06-01
19836,274746,Annual,2022-06-01
19837,275659,Annual,2022-06-01
19838,275518,Annual,2022-06-01
19839,275660,Annual,2022-06-01
19840,272570,Annual,2022-06-01
19841,275495,Annual,2022-06-01
19842,275664,Annual,2022-06-01
19843,275534,Annual,2022-06-01
19845,275516,Annual,2022-06-01
19847,275677,Annual,2022-06-01
19848,275253,Annual,2022-06-01
19849,275682,Annual,2022-06-01
19850,267090,Annual,2022-06-01
19851,275684,Annual,2022-06-01
19852,275689,Annual,2022-06-01
19853,267878,Annual,2022-06-01
19855,273671,Annual,2022-06-01
19858,275694,Annual,2022-06-01
19859,274994,Annual,2022-06-01
19878,272157,Monthly,2022-06-01
19880,275741,Annual,2022-06-01
19882,275757,Annual,2022-06-01
19884,265519,Monthly,2022-06-01
19901,276112,Annual,2022-06-02
19902,275788,Monthly,2022-06-02
19904,275992,Annual,2022-06-02
19905,275567,Monthly,2022-06-02
19912,262421,Monthly,2022-06-03
19928,272696,Monthly,2022-06-03
19930,270725,Monthly,2022-06-03
19931,276395,Monthly,2022-06-03
19932,276414,Monthly,2022-06-03
19933,276420,Annual,2022-06-03
19934,276232,Annual,2022-06-03
19935,272717,Monthly,2022-06-03
19936,275799,Annual,2022-06-03
19937,265176,Monthly,2022-06-04
19938,276479,Annual,2022-06-04
19939,276480,Annual,2022-06-04
19945,262677,Monthly,2022-06-04
19952,259258,Monthly,2022-06-04
19955,269570,Monthly,2022-06-04
19957,276510,Annual,2022-06-04
19958,276439,Monthly,2022-06-04
19959,276490,Monthly,2022-06-04
19960,276553,Annual,2022-06-04
19962,270633,Monthly,2022-06-04
19963,276562,Monthly,2022-06-04
19964,276383,Annual,2022-06-05
19972,269744,Monthly,2022-06-05
19973,265966,Monthly,2022-06-05
19975,276666,Annual,2022-06-05
19976,276671,Annual,2022-06-05
19978,265878,Monthly,2022-06-05
19979,269771,Monthly,2022-06-06
19980,266001,Monthly,2022-06-06
19986,262596,Monthly,2022-06-06
19988,276135,Annual,2022-06-06
19989,276783,Monthly,2022-06-06
19990,276784,Monthly,2022-06-06
19991,273017,Monthly,2022-06-06
19993,276829,Annual,2022-06-06
19995,276265,Monthly,2022-06-06
19997,269646,Monthly,2022-06-07
19998,269894,Monthly,2022-06-07
19999,273034,Monthly,2022-06-07
20002,272979,Monthly,2022-06-07
20003,269908,Monthly,2022-06-07
20005,276857,Annual,2022-06-07
20009,269981,Monthly,2022-06-07
20013,276932,Monthly,2022-06-07
20014,269653,Monthly,2022-06-07
20015,274460,Monthly,2022-06-07
20016,276130,Annual,2022-06-07
20017,270000,Monthly,2022-06-07
20018,263693,Monthly,2022-06-07
20019,275463,Monthly,2022-06-08
20020,272865,Monthly,2022-06-08
20021,259702,Monthly,2022-06-08
20029,276998,Annual,2022-06-08
20030,266402,Monthly,2022-06-08
20032,277078,Annual,2022-06-08
20033,266325,Monthly,2022-06-08
20034,277095,Annual,2022-06-08
20035,277099,Annual,2022-06-08
20036,269976,Monthly,2022-06-08
20037,272842,Monthly,2022-06-08
20044,276104,Annual,2022-06-09
20045,263076,Monthly,2022-06-09
20046,270175,Monthly,2022-06-09
20047,277063,Monthly,2022-06-09
20048,272596,Monthly,2022-06-09
20059,277182,Annual,2022-06-09
20060,277105,Annual,2022-06-09
20062,270042,Monthly,2022-06-09
20066,266455,Monthly,2022-06-09
20070,277271,Annual,2022-06-10
20074,259965,Monthly,2022-06-10
20081,277066,Annual,2022-06-10
20082,276938,Monthly,2022-06-10
20083,277328,Annual,2022-06-10
20084,261883,Monthly,2022-06-10
20086,266462,Monthly,2022-06-10
20088,276598,Annual,2022-06-11
20094,266788,Monthly,2022-06-11
20095,273423,Monthly,2022-06-11
20097,277410,Monthly,2022-06-11
20098,260833,Monthly,2022-06-11
20099,270103,Monthly,2022-06-11
20100,266894,Monthly,2022-06-12
20101,276781,Annual,2022-06-12
20102,270517,Monthly,2022-06-12
20109,277398,Annual,2022-06-12
20110,277499,Annual,2022-06-12
20111,276887,Annual,2022-06-12
20112,273695,Monthly,2022-06-12
20113,277521,Monthly,2022-06-12
20114,270460,Monthly,2022-06-12
20115,263104,Monthly,2022-06-12
20116,277556,Annual,2022-06-12
20117,277562,Monthly,2022-06-12
20118,277544,Annual,2022-06-12
20119,262260,Monthly,2022-06-13
20120,270616,Monthly,2022-06-13
20121,263483,Monthly,2022-06-13
20123,270648,Monthly,2022-06-13
20126,259996,Monthly,2022-06-13
20135,277285,Annual,2022-06-13
20136,270619,Monthly,2022-06-13
20138,277670,Annual,2022-06-13
20139,277557,Monthly,2022-06-13
20140,277084,Annual,2022-06-13
20141,273862,Monthly,2022-06-13
20143,276542,Monthly,2022-06-13
20144,266616,Monthly,2022-06-13
20145,277704,Annual,2022-06-14
20152,260465,Monthly,2022-06-14
20153,272887,Annual,2022-06-14
20155,277766,Annual,2022-06-14
20157,265848,Monthly,2022-06-14
20159,270811,Monthly,2022-06-14
20161,277508,Annual,2022-06-14
20162,277803,Monthly,2022-06-14
20164,277591,Annual,2022-06-14
20166,277715,Monthly,2022-06-15
20167,270247,Monthly,2022-06-15
20168,273953,Monthly,2022-06-15
20178,277880,Monthly,2022-06-15
20180,263690,Monthly,2022-06-15
20182,277953,Monthly,2022-06-15
20184,275570,Monthly,2022-06-16
20187,277964,Annual,2022-06-16
20188,269130,Monthly,2022-06-16
20190,277866,Monthly,2022-06-16
20201,277419,Annual,2022-06-16
20202,272175,Monthly,2022-06-16
20203,274552,Annual,2022-06-16
20205,267546,Monthly,2022-06-16
20207,277728,Annual,2022-06-16
20208,277609,Annual,2022-06-16
20210,274166,Monthly,2022-06-16
20212,277814,Monthly,2022-06-16
20224,270363,Monthly,2022-06-17
20226,274157,Monthly,2022-06-17
20228,271089,Monthly,2022-06-17
20229,277845,Annual,2022-06-17
20230,278177,Annual,2022-06-17
20231,263913,Monthly,2022-06-17
20232,277524,Annual,2022-06-17
20235,268242,Monthly,2022-06-17
20236,277821,Monthly,2022-06-17
20237,277461,Annual,2022-06-17
20239,275173,Monthly,2022-06-18
20240,278080,Annual,2022-06-18
20242,270848,Monthly,2022-06-18
20243,278143,Monthly,2022-06-18
20244,277864,Monthly,2022-06-18
20245,267721,Monthly,2022-06-18
20246,260646,Monthly,2022-06-18
20247,272792,Monthly,2022-06-18
20252,271837,Quarterly,2022-06-18
20253,267843,Monthly,2022-06-18
20256,270824,Monthly,2022-06-18
20257,270988,Monthly,2022-06-18
20258,278344,Annual,2022-06-18
20259,274276,Monthly,2022-06-18
20261,267930,Monthly,2022-06-19
20266,278283,Annual,2022-06-19
20267,264254,Monthly,2022-06-19
20270,274402,Monthly,2022-06-20
20271,269984,Monthly,2022-06-20
20273,278280,Annual,2022-06-20
20276,272544,Monthly,2022-06-20
20277,278326,Monthly,2022-06-20
20279,277668,Annual,2022-06-20
20280,274433,Monthly,2022-06-20
20281,278633,Annual,2022-06-20
20282,278642,Annual,2022-06-20
20283,278509,Monthly,2022-06-20
20284,278055,Monthly,2022-06-20
20285,278695,Annual,2022-06-20
20286,278701,Annual,2022-06-20
20287,274589,Monthly,2022-06-20
20288,271338,Monthly,2022-06-20
20291,278723,Annual,2022-06-21
20292,277977,Annual,2022-06-21
20293,268045,Monthly,2022-06-21
20295,278734,Annual,2022-06-21
20296,278129,Annual,2022-06-21
20305,264417,Monthly,2022-06-21
20306,278582,Annual,2022-06-21
20307,278788,Monthly,2022-06-21
20309,268857,Monthly,2022-06-21
20314,278851,Annual,2022-06-22
20315,278758,Annual,2022-06-22
20317,278882,Annual,2022-06-22
20318,278586,Annual,2022-06-22
20320,261212,Monthly,2022-06-22
20325,278890,Quarterly,2022-06-22
20327,278764,Annual,2022-06-22
20328,276788,Annual,2022-06-22
20329,268113,Monthly,2022-06-22
20330,278915,Annual,2022-06-22
20331,278927,Annual,2022-06-22
20333,278940,Monthly,2022-06-23
20334,278958,Monthly,2022-06-23
20336,278115,Annual,2022-06-23
20337,278753,Annual,2022-06-23
20338,278881,Monthly,2022-06-23
20342,278995,Monthly,2022-06-23
20343,278905,Annual,2022-06-23
20344,278459,Annual,2022-06-23
20347,267498,Monthly,2022-06-24
20348,278215,Annual,2022-06-24
20355,279138,Monthly,2022-06-24
20357,277012,Monthly,2022-06-25
20358,274904,Monthly,2022-06-25
20364,271664,Monthly,2022-06-25
20365,268129,Monthly,2022-06-25
20366,267195,Monthly,2022-06-25
20373,261491,Monthly,2022-06-26
20377,266811,Monthly,2022-06-26
20379,261393,Annual,2022-06-26
20381,265130,Monthly,2022-06-26
20382,279330,Annual,2022-06-26
20383,272027,Monthly,2022-06-26
20384,271169,Annual,2022-06-26
20385,278531,Annual,2022-06-26
20387,271950,Monthly,2022-06-26
20390,279352,Annual,2022-06-26
20391,274836,Monthly,2022-06-26
20395,279394,Annual,2022-06-27
20398,270179,Monthly,2022-06-27
20401,278625,Annual,2022-06-27
20404,274723,Monthly,2022-06-27
20408,278444,Annual,2022-06-27
20409,279470,Annual,2022-06-27
20410,278875,Annual,2022-06-27
20414,279468,Monthly,2022-06-27
20415,278716,Annual,2022-06-27
20418,262569,Monthly,2022-06-27
20419,266366,Monthly,2022-06-27
20420,265110,Monthly,2022-06-27
20421,272213,Annual,2022-06-28
20422,272199,Monthly,2022-06-28
20423,279519,Annual,2022-06-28
20442,261466,Monthly,2022-06-28
20448,279424,Annual,2022-06-28
20449,278906,Annual,2022-06-28
20451,279409,Annual,2022-06-28
20454,278822,Annual,2022-06-28
20456,279264,Monthly,2022-06-28
20457,279625,Annual,2022-06-29
20461,277403,Monthly,2022-06-29
20468,279722,Annual,2022-06-29
20473,279748,Annual,2022-06-29
20476,258956,Monthly,2022-06-30
20477,279766,Monthly,2022-06-30
20478,279680,Monthly,2022-06-30
20491,279738,Quarterly,2022-06-30
20494,263934,Monthly,2022-06-30
20498,275158,Monthly,2022-06-30
20503,279751,Monthly,2022-06-30
20507,278088,Monthly,2022-07-01
20509,279909,Annual,2022-07-01
20521,272157,Monthly,2022-07-01
20522,277323,Annual,2022-07-01
20523,265519,Monthly,2022-07-01
20525,280000,Annual,2022-07-01
20527,280011,Monthly,2022-07-01
20528,280019,Annual,2022-07-02
20529,275389,Monthly,2022-07-02
20530,280053,Annual,2022-07-02
20540,280067,Annual,2022-07-02
20541,280114,Monthly,2022-07-02
20542,279178,Monthly,2022-07-02
20545,280140,Monthly,2022-07-03
20546,280126,Annual,2022-07-03
20557,277782,Monthly,2022-07-03
20558,276395,Monthly,2022-07-03
20560,272717,Monthly,2022-07-03
20561,278483,Monthly,2022-07-03
20562,280142,Monthly,2022-07-03
20563,279914,Annual,2022-07-04
20564,265176,Monthly,2022-07-04
20566,280218,Monthly,2022-07-04
20567,278853,Monthly,2022-07-04
20568,280159,Monthly,2022-07-04
20569,259258,Monthly,2022-07-04
20570,262677,Monthly,2022-07-04
20578,269570,Monthly,2022-07-04
20580,279881,Annual,2022-07-04
20581,279947,Monthly,2022-07-04
20582,276439,Monthly,2022-07-04
20584,280134,Annual,2022-07-04
20585,276562,Monthly,2022-07-04
20588,280121,Annual,2022-07-05
20595,279922,Annual,2022-07-05
20598,265966,Monthly,2022-07-05
20603,280461,Quarterly,2022-07-05
20604,265878,Monthly,2022-07-05
20605,269771,Monthly,2022-07-06
20608,266001,Monthly,2022-07-06
20609,262596,Monthly,2022-07-06
20619,280324,Monthly,2022-07-06
20620,276783,Monthly,2022-07-06
20621,276784,Monthly,2022-07-06
20622,280552,Monthly,2022-07-06
20625,280427,Monthly,2022-07-06
20628,269894,Monthly,2022-07-07
20629,280548,Monthly,2022-07-07
20630,272979,Monthly,2022-07-07
20631,269908,Monthly,2022-07-07
20637,280031,Annual,2022-07-07
20638,277322,Annual,2022-07-07
20640,269981,Monthly,2022-07-07
20642,276932,Monthly,2022-07-07
20643,279916,Annual,2022-07-07
20644,274460,Monthly,2022-07-07
20645,280709,Monthly,2022-07-08
20646,275463,Monthly,2022-07-08
20648,280346,Quarterly,2022-07-08
20649,280724,Annual,2022-07-08
20652,259702,Monthly,2022-07-08
20658,280772,Monthly,2022-07-08
20659,266402,Monthly,2022-07-08
20660,280193,Annual,2022-07-08
20661,280545,Annual,2022-07-08
20664,280814,Quarterly,2022-07-08
20665,280794,Annual,2022-07-08
20666,272842,Monthly,2022-07-08
20668,278539,Monthly,2022-07-08
20669,280827,Annual,2022-07-08
20670,280818,Annual,2022-07-08
20673,275045,Monthly,2022-07-09
20674,263076,Monthly,2022-07-09
20675,270175,Monthly,2022-07-09
20687,265906,Monthly,2022-07-09
20690,270042,Monthly,2022-07-09
20691,266455,Monthly,2022-07-09
20693,280954,Annual,2022-07-10
20695,280850,Monthly,2022-07-10
20696,280868,Annual,2022-07-10
20698,259965,Monthly,2022-07-10
20706,270240,Quarterly,2022-07-10
20708,274464,Monthly,2022-07-10
20709,280412,Annual,2022-07-10
20710,280208,Annual,2022-07-10
20711,281018,Annual,2022-07-10
20712,280207,Annual,2022-07-10
20713,266462,Monthly,2022-07-10
20714,278833,Monthly,2022-07-11
20717,281071,Monthly,2022-07-11
20718,280249,Annual,2022-07-11
20726,280396,Annual,2022-07-11
20727,273423,Monthly,2022-07-11
20729,277410,Monthly,2022-07-11
20733,260833,Monthly,2022-07-11
20735,275800,Monthly,2022-07-11
20736,266894,Monthly,2022-07-12
20737,281200,Monthly,2022-07-12
20739,270517,Monthly,2022-07-12
20740,281095,Annual,2022-07-12
20748,281243,Annual,2022-07-12
20749,280849,Annual,2022-07-12
20750,273695,Monthly,2022-07-12
20751,277521,Monthly,2022-07-12
20752,270460,Monthly,2022-07-12
20754,281324,Annual,2022-07-12
20755,277562,Monthly,2022-07-12
20756,270616,Monthly,2022-07-13
20757,262260,Monthly,2022-07-13
20758,281331,Annual,2022-07-13
20759,263483,Monthly,2022-07-13
20762,266814,Monthly,2022-07-13
20765,260173,Quarterly,2022-07-13
20773,259996,Monthly,2022-07-13
20774,279404,Monthly,2022-07-13
20777,281297,Monthly,2022-07-13
20778,280613,Annual,2022-07-13
20779,281413,Monthly,2022-07-13
20781,281196,Monthly,2022-07-13
20782,281440,Annual,2022-07-13
20784,273862,Monthly,2022-07-13
20785,266616,Monthly,2022-07-13
20786,281447,Annual,2022-07-13
20797,260465,Monthly,2022-07-14
20800,265848,Monthly,2022-07-14
20801,281512,Monthly,2022-07-14
20802,270811,Monthly,2022-07-14
20804,280913,Annual,2022-07-14
20805,280863,Annual,2022-07-14
20807,278366,Annual,2022-07-15
20808,277715,Monthly,2022-07-15
20809,270247,Monthly,2022-07-15
20818,277880,Monthly,2022-07-15
20821,281631,Monthly,2022-07-15
20822,275786,Monthly,2022-07-15
20823,280689,Monthly,2022-07-15
20824,280825,Annual,2022-07-15
20825,281609,Monthly,2022-07-15
20826,281299,Annual,2022-07-15
20827,263690,Monthly,2022-07-15
20830,277953,Monthly,2022-07-15
20832,276542,Monthly,2022-07-15
20835,272596,Quarterly,2022-07-16
20836,277866,Monthly,2022-07-16
20845,260646,Monthly,2022-07-16
20848,267546,Monthly,2022-07-16
20850,281753,Monthly,2022-07-16
20852,281769,Monthly,2022-07-16
20854,274166,Monthly,2022-07-16
20856,277803,Monthly,2022-07-16
20857,277814,Monthly,2022-07-16
20858,279508,Monthly,2022-07-16
20859,275570,Monthly,2022-07-17
20871,281796,Monthly,2022-07-17
20874,263913,Monthly,2022-07-17
20876,268242,Monthly,2022-07-17
20877,277821,Monthly,2022-07-17
20878,281787,Annual,2022-07-17
20881,275173,Monthly,2022-07-18
20882,278143,Monthly,2022-07-18
20883,267721,Monthly,2022-07-18
20884,281714,Annual,2022-07-18
20891,272792,Monthly,2022-07-18
20894,281742,Annual,2022-07-18
20896,281961,Monthly,2022-07-18
20897,281925,Annual,2022-07-18
20899,271841,Annual,2022-07-18
20900,273161,Annual,2022-07-18
20901,281989,Annual,2022-07-18
20902,281992,Monthly,2022-07-18
20903,281993,Annual,2022-07-18
20904,259190,Annual,2022-07-18
20906,270824,Monthly,2022-07-18
20907,280121,Annual,2022-07-18
20908,282010,Annual,2022-07-18
20909,270988,Monthly,2022-07-18
20910,282022,Annual,2022-07-18
20912,279228,Annual,2022-07-18
20913,278611,Annual,2022-07-18
20914,274276,Monthly,2022-07-18
20916,277242,Annual,2022-07-19
20918,277864,Annual,2022-07-19
20920,267930,Monthly,2022-07-19
20935,280821,Annual,2022-07-19
20936,282094,Monthly,2022-07-19
20938,273852,Annual,2022-07-19
20939,271306,Annual,2022-07-19
20940,282124,Annual,2022-07-19
20941,274402,Monthly,2022-07-20
20942,282136,Annual,2022-07-20
20943,268045,Monthly,2022-07-20
20944,269984,Monthly,2022-07-20
20953,282066,Annual,2022-07-20
20956,274433,Monthly,2022-07-20
20957,282164,Annual,2022-07-20
20958,278509,Monthly,2022-07-20
20960,259486,Annual,2022-07-20
20961,264228,Annual,2022-07-20
20962,278055,Monthly,2022-07-20
20963,280547,Monthly,2022-07-20
20964,270245,Annual,2022-07-20
20965,281453,Annual,2022-07-20
20966,274589,Monthly,2022-07-20
20967,271338,Monthly,2022-07-20
20970,282121,Annual,2022-07-20
20973,282214,Annual,2022-07-21
20975,278101,Annual,2022-07-21
20991,278890,Annual,2022-07-21
20993,264417,Monthly,2022-07-21
20994,281966,Annual,2022-07-21
20996,261333,Annual,2022-07-21
20997,260646,Annual,2022-07-21
20998,278788,Monthly,2022-07-21
21000,263934,Monthly,2022-07-21
21001,268857,Monthly,2022-07-21
21002,282218,Annual,2022-07-21
21004,282273,Annual,2022-07-21
21005,281010,Monthly,2022-07-21
21007,282207,Annual,2022-07-21
21008,282283,Annual,2022-07-21
21013,282291,Annual,2022-07-22
21014,281671,Annual,2022-07-22
21017,261972,Annual,2022-07-22
21025,261828,Monthly,2022-07-22
21026,272050,Annual,2022-07-22
21029,266187,Annual,2022-07-22
21032,281522,Annual,2022-07-22
21033,282330,Annual,2022-07-22
21034,268113,Monthly,2022-07-22
21035,282344,Annual,2022-07-22
21036,282352,Annual,2022-07-22
21037,282356,Annual,2022-07-22
21038,282362,Annual,2022-07-22
21039,282371,Annual,2022-07-23
21040,278958,Monthly,2022-07-23
21041,275307,Annual,2022-07-23
21042,272089,Annual,2022-07-23
21043,282391,Annual,2022-07-23
21044,282393,Annual,2022-07-23
21045,269748,Annual,2022-07-23
21046,282336,Annual,2022-07-23
21055,282426,Annual,2022-07-23
21056,278685,Annual,2022-07-23
21057,282149,Annual,2022-07-23
21058,282443,Annual,2022-07-23
21059,282446,Annual,2022-07-23
21060,282430,Annual,2022-07-23
21064,267498,Monthly,2022-07-24
21065,282462,Annual,2022-07-24
21068,280953,Annual,2022-07-24
21070,282500,Annual,2022-07-24
21072,282503,Annual,2022-07-24
21073,272144,Annual,2022-07-24
21074,281885,Annual,2022-07-24
21076,281528,Annual,2022-07-25
21077,281337,Annual,2022-07-25
21078,277012,Monthly,2022-07-25
21079,274904,Monthly,2022-07-25
21080,282541,Annual,2022-07-25
21084,261564,Quarterly,2022-07-25
21100,282402,Annual,2022-07-25
21101,282546,Annual,2022-07-25
21103,282560,Annual,2022-07-25
21105,282572,Annual,2022-07-25
21107,282576,Annual,2022-07-25
21108,272145,Annual,2022-07-25
21112,271664,Monthly,2022-07-25
21113,282539,Annual,2022-07-25
21114,281802,Monthly,2022-07-25
21115,268129,Monthly,2022-07-25
21116,282582,Annual,2022-07-25
21119,282591,Annual,2022-07-25
21120,280834,Annual,2022-07-25
21121,282595,Annual,2022-07-25
21122,282504,Annual,2022-07-25
21124,282603,Annual,2022-07-25
21125,267195,Monthly,2022-07-25
21127,282608,Annual,2022-07-25
21128,281608,Annual,2022-07-25
21129,282614,Annual,2022-07-25
21130,282617,Annual,2022-07-25
21132,277866,Annual,2022-07-26
21133,282629,Annual,2022-07-26
21134,282637,Annual,2022-07-26
21136,282638,Monthly,2022-07-26
21137,282408,Annual,2022-07-26
21139,282648,Annual,2022-07-26
21140,269321,Annual,2022-07-26
21147,261491,Monthly,2022-07-26
21153,282564,Annual,2022-07-26
21154,278409,Annual,2022-07-26
21155,277510,Annual,2022-07-26
21159,282669,Annual,2022-07-26
21161,282442,Quarterly,2022-07-26
21162,282542,Annual,2022-07-26
21163,282318,Annual,2022-07-26
21166,282691,Annual,2022-07-26
21167,265130,Monthly,2022-07-26
21169,282697,Annual,2022-07-26
21170,282429,Annual,2022-07-26
21172,282687,Annual,2022-07-26
21173,282575,Annual,2022-07-26
21174,282705,Annual,2022-07-26
21175,279537,Annual,2022-07-26
21176,282529,Annual,2022-07-26
21178,282712,Annual,2022-07-26
21179,265680,Annual,2022-07-26
21180,271950,Monthly,2022-07-26
21181,278881,Monthly,2022-07-26
21183,282720,Monthly,2022-07-26
21184,282304,Annual,2022-07-26
21185,282586,Annual,2022-07-26
21186,282668,Annual,2022-07-26
21187,282724,Annual,2022-07-26
21188,260334,Annual,2022-07-26
21191,274836,Monthly,2022-07-26
21192,280379,Annual,2022-07-26
21194,281762,Annual,2022-07-26
21195,282726,Annual,2022-07-26
21198,280552,Annual,2022-07-26
21199,266456,Annual,2022-07-26
21200,282729,Annual,2022-07-27
21201,282731,Annual,2022-07-27
21204,282237,Annual,2022-07-27
21205,282738,Annual,2022-07-27
21207,282741,Annual,2022-07-27
21208,282643,Annual,2022-07-27
21209,282526,Annual,2022-07-27
21210,282748,Annual,2022-07-27
21211,282553,Annual,2022-07-27
21212,282739,Annual,2022-07-27
21213,282753,Annual,2022-07-27
21214,278881,Annual,2022-07-27
21215,282235,Annual,2022-07-27
21217,282594,Monthly,2022-07-27
21218,282757,Annual,2022-07-27
21219,282758,Annual,2022-07-27
21221,281568,Annual,2022-07-27
21222,282759,Annual,2022-07-27
21231,282776,Annual,2022-07-27
21232,282779,Annual,2022-07-27
21233,281870,Annual,2022-07-27
21234,282713,Annual,2022-07-27
21236,278421,Annual,2022-07-27
21238,282791,Annual,2022-07-27
21240,279468,Monthly,2022-07-27
21243,265110,Monthly,2022-07-27
21244,273136,Annual,2022-07-27
21245,282825,Annual,2022-07-27
21246,282833,Annual,2022-07-28
21247,282033,Annual,2022-07-28
21248,268090,Annual,2022-07-28
21250,282838,Annual,2022-07-28
21251,282088,Monthly,2022-07-28
21274,261466,Monthly,2022-07-28
21286,282818,Annual,2022-07-28
21287,282783,Annual,2022-07-28
21288,259361,Annual,2022-07-28
21289,279428,Annual,2022-07-28
21290,282881,Annual,2022-07-28
21291,282880,Annual,2022-07-28
21292,282885,Annual,2022-07-28
21293,282892,Annual,2022-07-28
21299,282901,Annual,2022-07-28
21301,282910,Annual,2022-07-28
21302,282911,Annual,2022-07-28
21303,282915,Annual,2022-07-28
21304,282920,Annual,2022-07-28
21305,282032,Annual,2022-07-28
21306,280853,Annual,2022-07-28
21307,279264,Monthly,2022-07-29
21308,282926,Annual,2022-07-29
21309,282929,Monthly,2022-07-29
21310,282931,Annual,2022-07-29
21312,282935,Annual,2022-07-29
21313,282839,Annual,2022-07-29
21314,282567,Annual,2022-07-29
21315,282929,Annual,2022-07-29
21317,282937,Annual,2022-07-29
21318,282939,Annual,2022-07-29
21320,277403,Monthly,2022-07-29
21322,282940,Annual,2022-07-29
21324,282949,Annual,2022-07-29
21325,282626,Annual,2022-07-29
21326,282950,Annual,2022-07-29
21327,271849,Annual,2022-07-29
21328,282948,Annual,2022-07-29
21337,272027,Monthly,2022-07-29
21338,266366,Monthly,2022-07-29
21339,282956,Annual,2022-07-29
21340,282829,Annual,2022-07-29
21345,283029,Annual,2022-07-30
21348,279766,Monthly,2022-07-30
21350,282954,Monthly,2022-07-30
21353,282977,Monthly,2022-07-30
21354,282507,Monthly,2022-07-30
21356,265906,Monthly,2022-07-30
21357,283116,Annual,2022-07-30
21358,283136,Monthly,2022-07-30
21360,283130,Annual,2022-07-30
21361,283154,Annual,2022-07-30
21362,283162,Monthly,2022-07-31
21364,275389,Monthly,2022-07-31
21368,273723,Annual,2022-07-31
21371,265370,Annual,2022-07-31
21375,283318,Annual,2022-08-01
21376,283328,Monthly,2022-08-01
21378,261716,Monthly,2022-08-01
21381,272157,Monthly,2022-08-01
21385,283023,Annual,2022-08-01
21386,283239,Monthly,2022-08-01
21387,283414,Monthly,2022-08-01
21389,265519,Monthly,2022-08-01
21393,275158,Monthly,2022-08-01
21395,279513,Annual,2022-08-01
21396,282751,Annual,2022-08-02
21401,261608,Quarterly,2022-08-02
21403,283025,Annual,2022-08-02
21405,278789,Monthly,2022-08-02
21407,283286,Annual,2022-08-02
21408,283598,Monthly,2022-08-02
21409,280114,Monthly,2022-08-02
21410,279178,Monthly,2022-08-02
21411,283636,Annual,2022-08-02
21415,283005,Annual,2022-08-03
21416,276395,Monthly,2022-08-03
21417,283300,Annual,2022-08-03
21418,283573,Monthly,2022-08-03
21419,283771,Annual,2022-08-03
21420,278483,Monthly,2022-08-03
21421,265176,Monthly,2022-08-04
21422,278853,Monthly,2022-08-04
21423,272696,Quarterly,2022-08-04
21425,283831,Annual,2022-08-04
21430,259258,Monthly,2022-08-04
21434,269570,Monthly,2022-08-04
21435,283809,Monthly,2022-08-04
21436,283550,Annual,2022-08-04
21437,282960,Annual,2022-08-04
21438,283745,Quarterly,2022-08-04
21439,276439,Monthly,2022-08-04
21440,282995,Annual,2022-08-04
21443,283720,Annual,2022-08-04
21445,276562,Monthly,2022-08-05
21451,283730,Monthly,2022-08-05
21454,283406,Annual,2022-08-05
21455,283357,Monthly,2022-08-05
21456,283824,Annual,2022-08-05
21457,284028,Annual,2022-08-05
21458,265966,Monthly,2022-08-05
21461,283456,Monthly,2022-08-05
21463,284063,Annual,2022-08-05
21464,265878,Monthly,2022-08-05
21465,284066,Annual,2022-08-05
21466,284067,Annual,2022-08-05
21467,284072,Annual,2022-08-05
21468,269771,Monthly,2022-08-06
21476,280324,Monthly,2022-08-06
21477,276783,Monthly,2022-08-06
21478,276784,Monthly,2022-08-06
21479,284152,Annual,2022-08-06
21480,283696,Monthly,2022-08-06
21481,284167,Annual,2022-08-06
21483,280427,Monthly,2022-08-06
21489,269894,Monthly,2022-08-07
21490,272979,Monthly,2022-08-07
21491,269908,Monthly,2022-08-07
21495,283452,Annual,2022-08-07
21496,269981,Monthly,2022-08-07
21497,262677,Monthly,2022-08-07
21498,284288,Monthly,2022-08-07
21499,276932,Monthly,2022-08-07
21500,274460,Monthly,2022-08-07
21501,284311,Monthly,2022-08-07
21502,284194,Monthly,2022-08-07
21504,274781,Monthly,2022-08-07
21505,284110,Annual,2022-08-08
21506,282520,Monthly,2022-08-08
21507,284344,Monthly,2022-08-08
21509,284241,Quarterly,2022-08-08
21510,283806,Annual,2022-08-08
21511,259702,Monthly,2022-08-08
21512,284379,Annual,2022-08-08
21517,282803,Monthly,2022-08-08
21518,283584,Annual,2022-08-08
21519,266402,Monthly,2022-08-08
21521,283486,Monthly,2022-08-08
21524,284292,Monthly,2022-08-09
21525,284492,Monthly,2022-08-09
21526,283576,Annual,2022-08-09
21527,275045,Monthly,2022-08-09
21528,263076,Monthly,2022-08-09
21529,270175,Monthly,2022-08-09
21531,283623,Annual,2022-08-09
21540,284546,Monthly,2022-08-09
21541,283887,Monthly,2022-08-09
21543,280772,Monthly,2022-08-09
21544,284402,Annual,2022-08-09
21545,284512,Monthly,2022-08-09
21547,266455,Monthly,2022-08-09
21550,284633,Monthly,2022-08-10
21552,284438,Annual,2022-08-10
21553,280850,Monthly,2022-08-10
21558,259965,Monthly,2022-08-10
21560,284632,Monthly,2022-08-10
21562,284487,Monthly,2022-08-10
21563,274464,Monthly,2022-08-10
21564,278995,Monthly,2022-08-10
21565,284415,Monthly,2022-08-10
21567,262569,Monthly,2022-08-10
21571,284266,Annual,2022-08-11
21573,273423,Monthly,2022-08-11
21574,283889,Monthly,2022-08-11
21575,284858,Annual,2022-08-11
21577,260833,Monthly,2022-08-11
21578,275800,Monthly,2022-08-11
21579,283923,Annual,2022-08-11
21580,284492,Annual,2022-08-11
21582,266894,Monthly,2022-08-12
21583,275463,Monthly,2022-08-12
21585,270517,Monthly,2022-08-12
21586,285044,Monthly,2022-08-12
21591,277410,Monthly,2022-08-12
21593,273695,Monthly,2022-08-12
21595,273132,Monthly,2022-08-12
21596,285154,Annual,2022-08-12
21598,277562,Monthly,2022-08-12
21599,270616,Monthly,2022-08-13
21600,262260,Monthly,2022-08-13
21601,263483,Monthly,2022-08-13
21602,284954,Monthly,2022-08-13
21603,284141,Annual,2022-08-13
21604,284531,Annual,2022-08-13
21609,259996,Monthly,2022-08-13
21610,285252,Monthly,2022-08-13
21611,280458,Annual,2022-08-13
21612,285276,Annual,2022-08-13
21616,281196,Monthly,2022-08-13
21617,273862,Monthly,2022-08-13
21618,266616,Monthly,2022-08-13
21620,285352,Annual,2022-08-14
21626,260465,Monthly,2022-08-14
21629,285406,Annual,2022-08-14
21630,285411,Annual,2022-08-14
21631,265848,Monthly,2022-08-14
21632,285283,Monthly,2022-08-14
21633,281512,Monthly,2022-08-14
21634,270811,Monthly,2022-08-14
21636,277353,Monthly,2022-08-14
21643,281631,Monthly,2022-08-15
21644,280689,Monthly,2022-08-15
21645,281609,Monthly,2022-08-15
21646,280611,Monthly,2022-08-15
21647,263690,Monthly,2022-08-15
21649,277953,Monthly,2022-08-15
21650,275570,Monthly,2022-08-16
21653,285344,Quarterly,2022-08-16
21659,266001,Monthly,2022-08-16
21660,267546,Monthly,2022-08-16
21661,281753,Monthly,2022-08-16
21664,281769,Monthly,2022-08-16
21665,274166,Monthly,2022-08-16
21667,277814,Monthly,2022-08-16
21668,279508,Monthly,2022-08-16
21669,261073,Monthly,2022-08-17
21678,265210,Monthly,2022-08-17
21680,284748,Monthly,2022-08-17
21682,263913,Monthly,2022-08-17
21683,268242,Monthly,2022-08-17
21686,285322,Monthly,2022-08-18
21688,281796,Monthly,2022-08-18
21697,286826,Monthly,2022-08-18
21698,286865,Monthly,2022-08-18
21700,286884,Monthly,2022-08-18
21702,281992,Monthly,2022-08-18
21703,262643,Monthly,2022-08-18
21704,270824,Monthly,2022-08-18
21705,286563,Annual,2022-08-18
21706,270988,Monthly,2022-08-18
21707,287006,Monthly,2022-08-18
21710,274276,Monthly,2022-08-18
21711,287180,Monthly,2022-08-19
21712,275173,Monthly,2022-08-19
21713,267930,Monthly,2022-08-19
21715,286824,Monthly,2022-08-19
21716,284166,Annual,2022-08-19
21724,284482,Monthly,2022-08-19
21725,287245,Monthly,2022-08-19
21726,287143,Monthly,2022-08-19
21727,282094,Monthly,2022-08-19
21728,286717,Annual,2022-08-19
21731,274402,Monthly,2022-08-20
21732,286735,Annual,2022-08-20
21733,287334,Annual,2022-08-20
21734,285670,Monthly,2022-08-20
21737,287214,Monthly,2022-08-20
21738,274433,Monthly,2022-08-20
21739,287373,Annual,2022-08-20
21740,272977,Monthly,2022-08-20
21741,278509,Monthly,2022-08-20
21742,278055,Monthly,2022-08-20
21743,280547,Monthly,2022-08-20
21744,287434,Annual,2022-08-20
21746,271338,Monthly,2022-08-20
21747,264295,Quarterly,2022-08-20
21748,287072,Monthly,2022-08-21
21751,285397,Annual,2022-08-21
21752,287466,Annual,2022-08-21
21753,287331,Annual,2022-08-21
21761,287478,Monthly,2022-08-21
21762,281294,Monthly,2022-08-21
21763,286606,Monthly,2022-08-21
21764,278788,Monthly,2022-08-21
21765,287499,Monthly,2022-08-21
21766,268857,Monthly,2022-08-21
21769,281010,Monthly,2022-08-21
21770,287526,Annual,2022-08-21
21772,287436,Monthly,2022-08-21
21775,268045,Monthly,2022-08-22
21776,287548,Annual,2022-08-22
21783,285915,Monthly,2022-08-22
21785,261828,Monthly,2022-08-22
21790,280372,Monthly,2022-08-22
21791,268113,Monthly,2022-08-22
21792,287632,Annual,2022-08-22
21795,286190,Annual,2022-08-22
21797,278958,Monthly,2022-08-23
21798,287330,Monthly,2022-08-23
21800,286753,Annual,2022-08-23
21803,286799,Annual,2022-08-23
21806,287238,Annual,2022-08-23
21807,286607,Monthly,2022-08-23
21808,286418,Monthly,2022-08-23
21810,287737,Annual,2022-08-23
21811,287739,Annual,2022-08-23
21812,287721,Monthly,2022-08-23
21815,267498,Monthly,2022-08-24
21817,287291,Annual,2022-08-24
21819,284180,Monthly,2022-08-24
21820,272792,Monthly,2022-08-24
21829,287565,Monthly,2022-08-24
21830,275786,Monthly,2022-08-24
21831,287896,Annual,2022-08-24
21832,287926,Monthly,2022-08-24
21834,287102,Annual,2022-08-25
21835,277012,Monthly,2022-08-25
21836,274904,Monthly,2022-08-25
21843,288003,Monthly,2022-08-25
21844,287993,Monthly,2022-08-25
21851,271664,Monthly,2022-08-25
21852,281802,Monthly,2022-08-25
21853,268129,Monthly,2022-08-25
21854,285201,Monthly,2022-08-25
21856,288075,Annual,2022-08-25
21857,288076,Annual,2022-08-25
21858,288077,Annual,2022-08-25
21859,267195,Monthly,2022-08-25
21860,288098,Annual,2022-08-25
21862,282638,Monthly,2022-08-26
21863,288122,Annual,2022-08-26
21865,283854,Monthly,2022-08-26
21872,261491,Monthly,2022-08-26
21874,286834,Monthly,2022-08-26
21876,288142,Monthly,2022-08-26
21877,265130,Monthly,2022-08-26
21878,271950,Monthly,2022-08-26
21879,282720,Monthly,2022-08-26
21880,287427,Annual,2022-08-26
21883,288269,Annual,2022-08-27
21896,288315,Monthly,2022-08-27
21897,283115,Annual,2022-08-27
21898,265110,Monthly,2022-08-27
21901,288345,Annual,2022-08-28
21902,263825,Monthly,2022-08-28
21919,287473,Annual,2022-08-28
21920,275505,Annual,2022-08-28
21923,288430,Annual,2022-08-28
21925,266366,Monthly,2022-08-28
21927,277403,Monthly,2022-08-29
21928,288533,Annual,2022-08-29
21931,288579,Annual,2022-08-29
21933,285581,Annual,2022-08-29
21936,288599,Annual,2022-08-29
21937,287688,Annual,2022-08-29
21939,288484,Annual,2022-08-29
21941,282507,Quarterly,2022-08-29
21945,275389,Monthly,2022-08-30
21946,288392,Monthly,2022-08-30
21947,282954,Monthly,2022-08-30
21951,288690,Annual,2022-08-30
21954,265906,Monthly,2022-08-30
21955,275158,Monthly,2022-08-30
21958,288140,Annual,2022-08-30
21962,269534,Annual,2022-08-30
21965,288791,Annual,2022-08-30
21966,288793,Monthly,2022-08-30
21967,288637,Monthly,2022-08-30
21968,288808,Annual,2022-08-31
21970,288505,Annual,2022-08-31
21981,282977,Monthly,2022-08-31
21982,274166,Quarterly,2022-08-31
21983,287490,Annual,2022-08-31
21989,288284,Annual,2022-08-31
21999,288950,Monthly,2022-08-31
22000,288487,Annual,2022-09-01
22004,261716,Monthly,2022-09-01
22005,287975,Monthly,2022-09-01
22006,272157,Monthly,2022-09-01
22015,288926,Monthly,2022-09-01
22018,288853,Annual,2022-09-01
22019,283414,Monthly,2022-09-01
22021,289048,Annual,2022-09-01
22022,265519,Monthly,2022-09-01
22023,289066,Annual,2022-09-01
22024,288773,Annual,2022-09-01
22026,269130,Annual,2022-09-01
22027,289096,Monthly,2022-09-02
22035,288442,Annual,2022-09-02
22036,278789,Monthly,2022-09-02
22037,280114,Monthly,2022-09-02
22039,289210,Annual,2022-09-02
22040,279178,Monthly,2022-09-02
22044,289270,Annual,2022-09-03
22045,288923,Monthly,2022-09-03
22047,265176,Monthly,2022-09-04
22048,288809,Annual,2022-09-04
22049,289260,Monthly,2022-09-04
22051,262677,Monthly,2022-09-04
22053,259258,Monthly,2022-09-04
22055,269570,Monthly,2022-09-04
22057,276439,Monthly,2022-09-04
22058,289263,Monthly,2022-09-04
22059,289177,Monthly,2022-09-04
22060,289329,Annual,2022-09-04
22063,278853,Monthly,2022-09-05
22068,289019,Annual,2022-09-05
22069,283357,Monthly,2022-09-05
22070,265966,Monthly,2022-09-05
22072,288665,Annual,2022-09-05
22073,283456,Monthly,2022-09-05
22074,288691,Annual,2022-09-05
22075,265878,Monthly,2022-09-05
22076,269771,Monthly,2022-09-06
22077,288884,Annual,2022-09-06
22080,289609,Monthly,2022-09-06
22084,289526,Monthly,2022-09-06
22088,280324,Monthly,2022-09-06
22089,276783,Monthly,2022-09-06
22090,276784,Monthly,2022-09-06
22091,279404,Monthly,2022-09-06
22092,289666,Annual,2022-09-06
22093,283696,Monthly,2022-09-06
22094,289580,Monthly,2022-09-06
22098,269894,Monthly,2022-09-07
22100,269908,Monthly,2022-09-07
22102,279923,Annual,2022-09-07
22104,289517,Monthly,2022-09-07
22105,288909,Annual,2022-09-07
22107,280932,Annual,2022-09-07
22108,284288,Monthly,2022-09-07
22109,276932,Monthly,2022-09-07
22110,289805,Annual,2022-09-07
22112,289796,Monthly,2022-09-07
22113,274460,Monthly,2022-09-07
22114,289827,Monthly,2022-09-07
22115,274781,Monthly,2022-09-07
22116,275463,Monthly,2022-09-08
22117,282520,Monthly,2022-09-08
22118,284344,Monthly,2022-09-08
22119,289232,Annual,2022-09-08
22122,259702,Monthly,2022-09-08
22128,289024,Annual,2022-09-08
22129,283510,Monthly,2022-09-08
22132,279062,Annual,2022-09-08
22133,266402,Monthly,2022-09-08
22134,289047,Annual,2022-09-08
22135,289910,Monthly,2022-09-08
22138,266001,Monthly,2022-09-09
22141,284292,Monthly,2022-09-09
22142,282221,Annual,2022-09-09
22143,287158,Monthly,2022-09-09
22144,263076,Monthly,2022-09-09
22145,270175,Monthly,2022-09-09
22154,283887,Monthly,2022-09-09
22155,289503,Annual,2022-09-09
22156,289538,Annual,2022-09-09
22157,277834,Annual,2022-09-09
22158,266455,Monthly,2022-09-09
22160,284633,Monthly,2022-09-10
22162,280850,Monthly,2022-09-10
22166,259965,Monthly,2022-09-10
22170,275045,Monthly,2022-09-10
22172,289339,Annual,2022-09-10
22173,284415,Monthly,2022-09-10
22175,262569,Monthly,2022-09-10
22177,289798,Monthly,2022-09-10
22178,289401,Annual,2022-09-10
22183,290226,Monthly,2022-09-11
22186,260833,Monthly,2022-09-11
22188,290303,Annual,2022-09-11
22189,266894,Monthly,2022-09-12
22191,270517,Monthly,2022-09-12
22192,288659,Monthly,2022-09-12
22193,285044,Monthly,2022-09-12
22200,290350,Monthly,2022-09-12
22201,277410,Monthly,2022-09-12
22202,273695,Monthly,2022-09-12
22207,290426,Annual,2022-09-12
22208,273132,Monthly,2022-09-12
22209,277562,Monthly,2022-09-12
22210,270616,Monthly,2022-09-13
22211,290264,Annual,2022-09-13
22212,263483,Monthly,2022-09-13
22213,289879,Annual,2022-09-13
22214,284954,Monthly,2022-09-13
22219,290487,Monthly,2022-09-13
22221,278995,Monthly,2022-09-13
22222,290554,Annual,2022-09-13
22225,281196,Monthly,2022-09-13
22226,273862,Monthly,2022-09-13
22227,266616,Monthly,2022-09-13
22229,260465,Monthly,2022-09-14
22239,265848,Monthly,2022-09-14
22240,281512,Monthly,2022-09-14
22241,270811,Monthly,2022-09-14
22243,290719,Monthly,2022-09-14
22244,277353,Monthly,2022-09-14
22247,290775,Monthly,2022-09-15
22259,275786,Monthly,2022-09-15
22260,280689,Monthly,2022-09-15
22262,280611,Monthly,2022-09-15
22263,263690,Monthly,2022-09-15
22265,263783,Monthly,2022-09-15
22266,277953,Monthly,2022-09-15
22272,290954,Annual,2022-09-16
22273,267546,Monthly,2022-09-16
22274,281753,Monthly,2022-09-16
22276,290991,Annual,2022-09-16
22277,281769,Monthly,2022-09-16
22279,277814,Monthly,2022-09-16
22280,290039,Annual,2022-09-16
22281,279508,Monthly,2022-09-16
22282,275570,Monthly,2022-09-17
22285,291024,Annual,2022-09-17
22292,290945,Monthly,2022-09-17
22293,281796,Monthly,2022-09-17
22295,263913,Monthly,2022-09-17
22296,268242,Monthly,2022-09-17
22298,289244,Monthly,2022-09-18
22299,285322,Monthly,2022-09-18
22305,286826,Monthly,2022-09-18
22306,291011,Annual,2022-09-18
22307,286884,Monthly,2022-09-18
22308,291116,Annual,2022-09-18
22309,270824,Monthly,2022-09-18
22310,287006,Monthly,2022-09-18
22311,290953,Annual,2022-09-18
22312,291177,Monthly,2022-09-19
22313,291165,Monthly,2022-09-19
22314,275173,Monthly,2022-09-19
22315,291234,Annual,2022-09-19
22316,267930,Monthly,2022-09-19
22324,284482,Monthly,2022-09-19
22326,287143,Monthly,2022-09-19
22327,284643,Monthly,2022-09-19
22328,290444,Monthly,2022-09-19
22329,274317,Annual,2022-09-19
22330,288071,Annual,2022-09-19
22333,271338,Annual,2022-09-19
22336,277657,Annual,2022-09-19
22338,291366,Annual,2022-09-19
22339,284482,Annual,2022-09-19
22340,285322,Annual,2022-09-20
22343,268045,Monthly,2022-09-20
22344,291214,Annual,2022-09-20
22345,273443,Annual,2022-09-20
22346,280148,Annual,2022-09-20
22347,291400,Quarterly,2022-09-20
22348,291401,Quarterly,2022-09-20
22349,289601,Monthly,2022-09-20
22350,291402,Annual,2022-09-20
22351,268242,Annual,2022-09-20
22356,291250,Monthly,2022-09-20
22357,270435,Monthly,2022-09-20
22358,290027,Annual,2022-09-20
22359,274433,Monthly,2022-09-20
22360,272977,Monthly,2022-09-20
22361,291436,Annual,2022-09-20
22362,291356,Annual,2022-09-20
22363,278509,Monthly,2022-09-20
22366,278972,Annual,2022-09-20
22368,289686,Monthly,2022-09-20
22370,278055,Monthly,2022-09-20
22372,291458,Annual,2022-09-20
22375,291462,Annual,2022-09-20
22376,291452,Annual,2022-09-20
22377,280547,Monthly,2022-09-20
22378,289823,Monthly,2022-09-20
22379,291347,Monthly,2022-09-20
22380,274893,Annual,2022-09-20
22381,286199,Monthly,2022-09-21
22385,291404,Annual,2022-09-21
22395,287478,Monthly,2022-09-21
22396,289769,Monthly,2022-09-21
22397,265210,Monthly,2022-09-21
22399,281294,Monthly,2022-09-21
22400,278788,Monthly,2022-09-21
22401,291561,Annual,2022-09-21
22402,290906,Annual,2022-09-21
22403,282244,Annual,2022-09-21
22405,283521,Annual,2022-09-21
22406,268857,Monthly,2022-09-21
22407,291576,Annual,2022-09-21
22408,291565,Annual,2022-09-21
22410,290496,Annual,2022-09-21
22411,291098,Annual,2022-09-21
22413,291617,Annual,2022-09-22
22421,285915,Monthly,2022-09-22
22423,288782,Annual,2022-09-22
22424,291695,Annual,2022-09-22
22425,291599,Annual,2022-09-22
22426,280372,Monthly,2022-09-22
22427,268113,Monthly,2022-09-22
22428,291728,Monthly,2022-09-22
22429,290746,Monthly,2022-09-22
22430,275766,Monthly,2022-09-22
22431,291743,Annual,2022-09-22
22432,291713,Monthly,2022-09-22
22433,284512,Monthly,2022-09-22
22435,291745,Annual,2022-09-22
22436,290733,Annual,2022-09-23
22437,291769,Annual,2022-09-23
22438,282601,Annual,2022-09-23
22439,285504,Annual,2022-09-23
22440,291321,Monthly,2022-09-23
22448,291706,Monthly,2022-09-23
22449,291349,Monthly,2022-09-23
22450,271465,Monthly,2022-09-23
22451,290353,Annual,2022-09-23
22452,291053,Annual,2022-09-23
22453,290989,Annual,2022-09-23
22454,290920,Annual,2022-09-23
22458,291836,Annual,2022-09-23
22459,291837,Annual,2022-09-23
22462,288923,Annual,2022-09-23
22463,291853,Annual,2022-09-23
22464,266743,Annual,2022-09-23
22465,291855,Monthly,2022-09-23
22466,291858,Annual,2022-09-23
22471,267498,Monthly,2022-09-24
22482,291577,Annual,2022-09-24
22483,282977,Annual,2022-09-24
22484,288315,Annual,2022-09-24
22485,285122,Annual,2022-09-24
22486,291949,Monthly,2022-09-24
22487,291945,Monthly,2022-09-24
22492,291977,Annual,2022-09-25
22495,277012,Monthly,2022-09-25
22496,274904,Monthly,2022-09-25
22508,288003,Monthly,2022-09-25
22509,291626,Quarterly,2022-09-25
22510,291988,Annual,2022-09-25
22516,292032,Annual,2022-09-25
22517,292033,Annual,2022-09-25
22519,281802,Monthly,2022-09-25
22520,267195,Monthly,2022-09-25
22521,292061,Monthly,2022-09-25
22522,292066,Annual,2022-09-26
22524,282638,Monthly,2022-09-26
22525,292077,Annual,2022-09-26
22526,283854,Monthly,2022-09-26
22528,261491,Monthly,2022-09-26
22539,286834,Monthly,2022-09-26
22541,292109,Annual,2022-09-26
22542,292114,Annual,2022-09-26
22545,268706,Annual,2022-09-26
22546,291998,Annual,2022-09-26
22548,265130,Monthly,2022-09-26
22549,288142,Monthly,2022-09-26
22550,292129,Annual,2022-09-26
22553,271950,Monthly,2022-09-26
22554,292148,Annual,2022-09-26
22555,282720,Monthly,2022-09-26
22556,291730,Annual,2022-09-26
22557,291725,Annual,2022-09-26
22561,291425,Annual,2022-09-26
22562,292086,Annual,2022-09-27
22582,265685,Annual,2022-09-27
22585,291264,Annual,2022-09-27
22586,290988,Annual,2022-09-27
22587,292346,Annual,2022-09-27
22589,286723,Annual,2022-09-27
22591,283612,Annual,2022-09-27
22592,290242,Annual,2022-09-27
22593,271935,Annual,2022-09-27
22594,265110,Monthly,2022-09-27
22595,292374,Annual,2022-09-27
22596,292385,Annual,2022-09-28
22597,292133,Annual,2022-09-28
22599,292191,Annual,2022-09-28
22600,263825,Monthly,2022-09-28
22620,291306,Monthly,2022-09-28
22621,292406,Annual,2022-09-28
22624,292426,Annual,2022-09-28
22625,292428,Annual,2022-09-28
22626,292431,Annual,2022-09-28
22628,287820,Annual,2022-09-28
22630,285776,Annual,2022-09-28
22632,291589,Annual,2022-09-28
22633,292453,Annual,2022-09-28
22634,281076,Annual,2022-09-28
22635,269110,Annual,2022-09-28
22636,292456,Annual,2022-09-28
22637,282373,Annual,2022-09-28
22638,279229,Annual,2022-09-28
22639,292462,Annual,2022-09-28
22642,291606,Annual,2022-09-28
22643,277724,Annual,2022-09-28
22646,287926,Monthly,2022-09-28
22647,266366,Monthly,2022-09-28
22649,291744,Annual,2022-09-28
22650,292486,Annual,2022-09-29
22652,291976,Annual,2022-09-29
22653,284530,Annual,2022-09-29
22654,292496,Annual,2022-09-29
22655,292447,Monthly,2022-09-29
22656,290458,Annual,2022-09-29
22657,277403,Monthly,2022-09-29
22658,280330,Annual,2022-09-29
22659,271197,Annual,2022-09-29
22660,292402,Annual,2022-09-29
22671,291412,Monthly,2022-09-29
22673,292531,Annual,2022-09-29
22674,292534,Annual,2022-09-29
22677,292538,Annual,2022-09-29
22678,292560,Annual,2022-09-29
22679,290929,Annual,2022-09-29
22680,292566,Annual,2022-09-29
22681,270607,Annual,2022-09-29
22682,292572,Annual,2022-09-29
22684,292491,Annual,2022-09-29
22685,292574,Annual,2022-09-29
22686,292573,Annual,2022-09-29
22687,292576,Annual,2022-09-29
22688,280373,Annual,2022-09-29
22689,292580,Annual,2022-09-29
22690,290465,Annual,2022-09-29
22691,292578,Annual,2022-09-29
22692,292585,Annual,2022-09-29
22695,292588,Annual,2022-09-29
22696,292589,Annual,2022-09-29
22698,292593,Monthly,2022-09-29
22699,292595,Annual,2022-09-29
22700,292596,Annual,2022-09-29
22702,279535,Annual,2022-09-29
22704,292601,Annual,2022-09-29
22706,292604,Annual,2022-09-29
22707,292608,Annual,2022-09-29
22708,292611,Annual,2022-09-29
22709,292614,Annual,2022-09-29
22710,292151,Annual,2022-09-29
22711,276860,Annual,2022-09-29
22712,270216,Annual,2022-09-30
22714,259846,Annual,2022-09-30
22716,292625,Annual,2022-09-30
22717,292436,Annual,2022-09-30
22718,292629,Annual,2022-09-30
22719,292627,Annual,2022-09-30
22720,292624,Annual,2022-09-30
22722,277840,Annual,2022-09-30
22723,292113,Annual,2022-09-30
22725,292634,Annual,2022-09-30
22726,289567,Annual,2022-09-30
22727,292639,Annual,2022-09-30
22728,292640,Annual,2022-09-30
22729,291783,Annual,2022-09-30
22730,292641,Annual,2022-09-30
22731,291789,Annual,2022-09-30
22732,292648,Annual,2022-09-30
22734,277886,Annual,2022-09-30
22735,292650,Annual,2022-09-30
22736,292609,Annual,2022-09-30
22738,275461,Annual,2022-09-30
22739,292653,Annual,2022-09-30
22740,291823,Annual,2022-09-30
22741,282954,Monthly,2022-09-30
22749,259258,Annual,2022-09-30
22750,279738,Quarterly,2022-09-30
22751,288898,Monthly,2022-09-30
22752,280345,Monthly,2022-09-30
22753,291566,Annual,2022-09-30
22754,265906,Monthly,2022-09-30
22755,275158,Monthly,2022-09-30
22757,288793,Monthly,2022-09-30
22758,288950,Monthly,2022-09-30
22761,287006,Annual,2022-10-01
22762,287975,Monthly,2022-10-01
22768,272157,Monthly,2022-10-01
22774,292818,Monthly,2022-10-01
22775,292819,Monthly,2022-10-01
22777,265519,Monthly,2022-10-01
22778,292862,Annual,2022-10-01
22781,275389,Monthly,2022-10-02
22782,292901,Monthly,2022-10-02
22787,292931,Monthly,2022-10-02
22789,292992,Annual,2022-10-02
22790,293002,Annual,2022-10-02
22791,292815,Annual,2022-10-02
22794,288839,Annual,2022-10-03
22795,270179,Monthly,2022-10-03
22799,290843,Monthly,2022-10-03
22800,293156,Annual,2022-10-03
22801,293126,Monthly,2022-10-03
22802,265176,Monthly,2022-10-04
22803,282640,Annual,2022-10-04
22808,269570,Monthly,2022-10-04
22809,293214,Monthly,2022-10-04
22810,293251,Quarterly,2022-10-04
22812,293300,Annual,2022-10-04
22813,292493,Annual,2022-10-04
22814,293298,Monthly,2022-10-04
22817,293330,Annual,2022-10-05
22828,283357,Monthly,2022-10-05
22830,265966,Monthly,2022-10-05
22832,270478,Monthly,2022-10-05
22833,292510,Annual,2022-10-05
22834,293274,Annual,2022-10-05
22835,293425,Monthly,2022-10-05
22836,283456,Monthly,2022-10-05
22837,293345,Annual,2022-10-05
22838,265878,Monthly,2022-10-05
22839,280461,Quarterly,2022-10-05
22840,269771,Monthly,2022-10-06
22841,278853,Monthly,2022-10-06
22842,266001,Monthly,2022-10-06
22843,289609,Monthly,2022-10-06
22844,288719,Monthly,2022-10-06
22846,292720,Annual,2022-10-06
22852,289526,Monthly,2022-10-06
22853,284180,Monthly,2022-10-06
22854,280324,Monthly,2022-10-06
22855,293207,Monthly,2022-10-06
22856,276784,Monthly,2022-10-06
22857,288637,Monthly,2022-10-06
22858,293497,Monthly,2022-10-06
22859,292882,Annual,2022-10-06
22860,293579,Monthly,2022-10-06
22862,289580,Monthly,2022-10-06
22867,278789,Monthly,2022-10-07
22868,293627,Annual,2022-10-07
22869,269908,Monthly,2022-10-07
22870,293083,Annual,2022-10-07
22874,289517,Monthly,2022-10-07
22875,276932,Monthly,2022-10-07
22876,289796,Monthly,2022-10-07
22877,274460,Monthly,2022-10-07
22879,293564,Monthly,2022-10-07
22880,293713,Monthly,2022-10-08
22882,259702,Monthly,2022-10-08
22887,292924,Annual,2022-10-08
22891,266402,Monthly,2022-10-08
22897,292955,Annual,2022-10-08
22899,263076,Monthly,2022-10-09
22900,287158,Monthly,2022-10-09
22901,270175,Monthly,2022-10-09
22910,283887,Monthly,2022-10-09
22911,293965,Annual,2022-10-09
22912,293067,Annual,2022-10-09
22913,266455,Monthly,2022-10-09
22914,284633,Monthly,2022-10-10
22917,294020,Monthly,2022-10-10
22918,293962,Annual,2022-10-10
22919,280850,Monthly,2022-10-10
22921,293858,Annual,2022-10-10
22925,259965,Monthly,2022-10-10
22926,294006,Monthly,2022-10-10
22927,284415,Monthly,2022-10-10
22928,279404,Monthly,2022-10-10
22929,293951,Annual,2022-10-10
22930,294132,Monthly,2022-10-10
22932,289827,Monthly,2022-10-10
22933,289798,Monthly,2022-10-10
22935,294185,Annual,2022-10-10
22936,294193,Annual,2022-10-11
22949,290226,Monthly,2022-10-11
22950,288021,Annual,2022-10-11
22951,293894,Annual,2022-10-11
22952,277410,Monthly,2022-10-11
22954,269984,Monthly,2022-10-11
22957,278995,Monthly,2022-10-11
22958,293324,Monthly,2022-10-11
22959,279562,Annual,2022-10-11
22960,293504,Annual,2022-10-11
22961,292475,Annual,2022-10-11
22962,266894,Monthly,2022-10-12
22963,292048,Quarterly,2022-10-12
22964,291498,Monthly,2022-10-12
22966,270517,Monthly,2022-10-12
22967,285044,Monthly,2022-10-12
22968,281074,Quarterly,2022-10-12
22969,294343,Monthly,2022-10-12
22970,291061,Monthly,2022-10-12
22983,294286,Annual,2022-10-12
22985,280897,Monthly,2022-10-12
22987,293541,Annual,2022-10-12
22990,277562,Monthly,2022-10-12
22991,270616,Monthly,2022-10-13
22992,293859,Annual,2022-10-13
22993,263483,Monthly,2022-10-13
22995,294338,Annual,2022-10-13
22996,284954,Monthly,2022-10-13
22997,294227,Annual,2022-10-13
23003,260173,Quarterly,2022-10-13
23005,290487,Monthly,2022-10-13
23006,294113,Monthly,2022-10-13
23009,294590,Monthly,2022-10-13
23012,281196,Monthly,2022-10-13
23013,266616,Monthly,2022-10-13
23015,294629,Monthly,2022-10-14
23016,293843,Annual,2022-10-14
23017,293303,Monthly,2022-10-14
23025,260465,Monthly,2022-10-14
23027,289630,Monthly,2022-10-14
23030,265848,Monthly,2022-10-14
23031,270811,Monthly,2022-10-14
23033,290719,Monthly,2022-10-14
23034,277353,Monthly,2022-10-14
23036,294792,Annual,2022-10-15
23048,275786,Monthly,2022-10-15
23049,280689,Monthly,2022-10-15
23052,263783,Monthly,2022-10-15
23053,277953,Monthly,2022-10-15
23054,275570,Monthly,2022-10-16
23057,294560,Monthly,2022-10-16
23060,281753,Monthly,2022-10-16
23062,281769,Monthly,2022-10-16
23064,292139,Annual,2022-10-16
23065,294979,Annual,2022-10-16
23066,279508,Monthly,2022-10-16
23067,275463,Monthly,2022-10-17
23068,293955,Annual,2022-10-17
23071,294429,Monthly,2022-10-17
23075,290945,Monthly,2022-10-17
23076,294907,Monthly,2022-10-17
23077,292499,Annual,2022-10-17
23078,281796,Monthly,2022-10-17
23080,294936,Monthly,2022-10-17
23081,294949,Annual,2022-10-17
23082,263913,Monthly,2022-10-17
23083,294203,Monthly,2022-10-17
23088,289244,Monthly,2022-10-18
23089,294648,Monthly,2022-10-18
23096,295088,Monthly,2022-10-18
23097,293539,Annual,2022-10-18
23098,294783,Monthly,2022-10-18
23099,293542,Monthly,2022-10-18
23100,294682,Monthly,2022-10-18
23101,286884,Monthly,2022-10-18
23102,294674,Monthly,2022-10-18
23103,295214,Annual,2022-10-18
23104,286826,Monthly,2022-10-18
23105,284512,Monthly,2022-10-18
23106,295256,Monthly,2022-10-19
23107,295106,Annual,2022-10-19
23108,291177,Monthly,2022-10-19
23109,291165,Monthly,2022-10-19
23110,294208,Annual,2022-10-19
23111,295273,Monthly,2022-10-19
23117,294694,Annual,2022-10-19
23118,287143,Monthly,2022-10-19
23119,290444,Monthly,2022-10-19
23122,293976,Annual,2022-10-19
23124,289823,Annual,2022-10-19
23126,295355,Annual,2022-10-19
23128,268045,Monthly,2022-10-20
23135,291250,Monthly,2022-10-20
23137,275445,Monthly,2022-10-20
23138,275215,Annual,2022-10-20
23141,278509,Monthly,2022-10-20
23142,291088,Annual,2022-10-20
23144,274836,Annual,2022-10-20
23145,289686,Monthly,2022-10-20
23146,279735,Annual,2022-10-20
23147,289049,Annual,2022-10-20
23148,278055,Monthly,2022-10-20
23150,270103,Annual,2022-10-20
23151,270824,Monthly,2022-10-20
23152,295497,Monthly,2022-10-20
23153,295506,Annual,2022-10-20
