course_id,student_id,course_rating,date_rated
14,258956,5,2022-07-06
7,259019,5,2022-08-30
23,259019,4,2022-08-30
14,259283,5,2022-07-08
30,259283,5,2022-07-02
37,259283,5,2022-10-12
23,259504,5,2022-06-29
46,259504,5,2022-06-28
30,259524,5,2022-06-16
54,259524,5,2022-07-25
7,259761,4,2022-08-15
42,259761,4,2022-08-18
46,259761,4,2022-08-15
3,259767,5,2022-06-19
5,259767,5,2022-07-27
7,259846,5,2022-10-08
26,259870,5,2022-07-29
21,259983,5,2022-07-18
2,260173,4,2022-06-27
45,260173,3,2022-07-07
7,260329,5,2022-10-07
5,260345,5,2022-08-16
11,260345,5,2022-09-30
14,260345,5,2022-07-12
27,260345,5,2022-10-15
44,260345,5,2022-10-12
28,260356,5,2022-07-19
5,260465,5,2022-07-20
11,260465,4,2022-08-22
32,260465,4,2022-08-31
37,260465,5,2022-07-04
44,260465,4,2022-10-16
54,260465,5,2022-09-26
50,260549,5,2022-07-24
39,260616,5,2022-06-23
3,260646,5,2022-09-24
5,260646,5,2022-09-28
20,260646,5,2022-09-23
35,260646,5,2022-09-22
34,260649,3,2022-09-20
2,260754,5,2022-10-04
11,260754,5,2022-09-07
13,260754,5,2022-09-24
23,260754,5,2022-09-23
30,260754,5,2022-06-30
34,260754,5,2022-06-28
39,260754,5,2022-09-29
44,260754,5,2022-09-09
50,260754,5,2022-09-15
55,260754,5,2022-09-13
11,260813,2,2022-09-20
23,260813,5,2022-07-24
35,260813,5,2022-09-15
14,260815,5,2022-06-30
21,260861,5,2022-06-26
23,260910,5,2022-09-25
42,260910,5,2022-08-09
21,260968,5,2022-07-12
12,260980,4,2022-07-03
25,260980,4,2022-10-17
28,260980,4,2022-10-14
2,261019,5,2022-07-30
5,261086,5,2022-06-26
14,261104,2,2022-10-08
21,261158,5,2022-09-05
16,261171,5,2022-06-20
25,261171,5,2022-10-20
26,261171,5,2022-07-05
28,261171,5,2022-09-17
14,261212,5,2022-06-27
13,261239,5,2022-10-18
20,261239,5,2022-07-22
7,261390,4,2022-07-04
23,261390,4,2022-09-19
5,261393,5,2022-06-27
7,261393,4,2022-07-12
14,261393,4,2022-07-13
21,261393,5,2022-07-11
35,261393,4,2022-06-26
14,261408,5,2022-10-13
11,261412,5,2022-07-18
27,261412,5,2022-10-03
49,261412,5,2022-09-12
54,261412,5,2022-09-08
55,261412,5,2022-09-16
32,261466,5,2022-08-08
37,261466,5,2022-06-18
14,261491,5,2022-08-11
16,261491,5,2022-07-14
25,261491,5,2022-08-16
37,261491,5,2022-08-22
16,261495,5,2022-08-07
13,261522,5,2022-06-30
23,261522,5,2022-06-29
14,261550,4,2022-07-02
21,261550,5,2022-08-16
42,261626,5,2022-09-19
7,261668,5,2022-07-12
14,261668,4,2022-06-20
28,261668,5,2022-09-28
46,261668,5,2022-07-16
7,261674,5,2022-10-17
20,261674,4,2022-09-25
35,261674,5,2022-09-25
20,261680,5,2022-10-20
21,261680,5,2022-06-19
24,261682,5,2022-10-20
23,261693,5,2022-06-21
7,261716,3,2022-06-27
14,261735,5,2022-09-14
11,261756,5,2022-07-21
30,261756,5,2022-09-16
35,261756,5,2022-06-27
39,261756,5,2022-06-21
7,261783,5,2022-10-19
14,261785,5,2022-07-26
7,261790,5,2022-08-07
16,261810,5,2022-07-30
28,261810,5,2022-07-01
37,261810,5,2022-08-21
42,261813,4,2022-06-16
5,261828,5,2022-08-11
12,261828,5,2022-08-31
16,261828,5,2022-07-31
5,261905,5,2022-06-22
11,261905,4,2022-06-30
21,261905,5,2022-07-05
30,261905,5,2022-10-10
20,262112,5,2022-06-21
35,262112,2,2022-06-21
16,262414,4,2022-06-22
34,262459,4,2022-10-19
7,262548,5,2022-08-15
22,262548,5,2022-08-16
3,262569,5,2022-09-11
7,262569,5,2022-08-30
14,262569,5,2022-08-01
20,262569,5,2022-08-31
35,262569,5,2022-08-31
7,262580,5,2022-07-13
22,262580,4,2022-10-01
22,262634,5,2022-09-12
28,262641,4,2022-07-26
35,262641,4,2022-08-04
2,262643,5,2022-09-01
3,262643,5,2022-08-04
4,262643,5,2022-08-24
11,262643,5,2022-07-01
14,262643,5,2022-09-16
16,262643,5,2022-08-26
21,262643,5,2022-08-19
27,262643,5,2022-09-27
33,262643,5,2022-09-09
35,262643,5,2022-08-31
43,262643,5,2022-08-02
53,262643,5,2022-09-05
7,262861,5,2022-08-30
7,262955,5,2022-07-04
23,262955,5,2022-07-04
7,262988,5,2022-07-09
14,262988,5,2022-07-10
22,263087,5,2022-07-12
46,263087,5,2022-06-20
42,263118,5,2022-06-20
5,263293,5,2022-10-18
16,263293,5,2022-08-26
24,263293,5,2022-08-23
28,263293,5,2022-07-17
23,263309,5,2022-08-01
32,263309,5,2022-07-28
14,263321,5,2022-07-19
2,263441,5,2022-08-15
7,263456,5,2022-06-18
23,263456,5,2022-06-21
14,263496,4,2022-07-18
35,263521,5,2022-09-29
30,263535,5,2022-08-30
7,263576,5,2022-08-16
24,263579,5,2022-07-04
21,263683,5,2022-08-10
25,263690,4,2022-08-04
27,263690,4,2022-07-18
41,263690,4,2022-10-13
50,263690,4,2022-08-08
54,263690,4,2022-08-10
55,263690,4,2022-08-16
42,263735,5,2022-06-18
50,263747,4,2022-08-16
54,263747,4,2022-08-16
55,263747,4,2022-08-17
23,263783,5,2022-09-22
2,263825,5,2022-09-15
7,263825,5,2022-08-26
13,263825,4,2022-09-11
16,263825,4,2022-10-05
21,263825,2,2022-09-29
23,263825,5,2022-08-29
35,263825,5,2022-10-01
39,263825,5,2022-09-13
23,263875,5,2022-06-17
13,263893,3,2022-08-15
23,264126,5,2022-08-29
23,264131,4,2022-09-07
3,264146,4,2022-10-09
4,264146,5,2022-09-29
11,264146,4,2022-10-15
44,264146,5,2022-10-18
7,264148,5,2022-09-04
7,264158,5,2022-08-15
22,264228,5,2022-09-09
37,264228,5,2022-09-09
21,264295,5,2022-06-20
13,264306,5,2022-08-17
16,264306,4,2022-08-16
21,264404,5,2022-09-20
14,264425,5,2022-09-21
16,264954,4,2022-06-27
3,265092,5,2022-06-18
5,265092,5,2022-07-03
11,265092,5,2022-07-15
35,265092,5,2022-06-17
46,265092,5,2022-09-09
23,265101,4,2022-06-22
3,265130,5,2022-08-02
13,265130,4,2022-07-31
21,265130,5,2022-08-01
35,265130,5,2022-08-02
39,265130,5,2022-07-31
57,265337,1,2022-10-17
24,265415,5,2022-08-10
39,265415,5,2022-07-10
4,265519,5,2022-10-15
16,265519,5,2022-07-04
21,265560,5,2022-07-31
22,265578,5,2022-09-16
16,265588,5,2022-07-09
7,265685,5,2022-10-06
21,265685,5,2022-10-10
22,265685,5,2022-10-02
42,265808,5,2022-06-21
23,265838,5,2022-07-05
50,265928,5,2022-09-26
52,265928,5,2022-10-04
54,265928,5,2022-09-27
55,265928,5,2022-08-02
25,265966,5,2022-10-18
16,266001,5,2022-09-28
21,266001,5,2022-07-18
22,266001,5,2022-07-14
24,266001,5,2022-09-20
35,266001,5,2022-06-16
54,266001,5,2022-10-13
11,266012,5,2022-06-27
14,266012,5,2022-07-04
21,266012,5,2022-07-17
22,266012,5,2022-07-21
24,266012,5,2022-07-26
37,266012,5,2022-07-27
42,266065,5,2022-10-04
7,266187,5,2022-07-23
7,266366,5,2022-07-29
42,266477,5,2022-07-05
4,266512,5,2022-06-20
5,266512,5,2022-09-26
14,266512,5,2022-07-26
21,266512,5,2022-09-15
24,266512,5,2022-07-11
11,266529,5,2022-07-07
14,266529,5,2022-07-11
21,266529,3,2022-07-12
51,266529,5,2022-07-09
13,266614,5,2022-06-23
23,266614,5,2022-06-21
39,266614,5,2022-06-27
7,266619,5,2022-08-11
20,266619,5,2022-08-18
23,266619,5,2022-08-12
30,266619,5,2022-08-18
35,266619,5,2022-08-18
42,266619,5,2022-08-12
46,266619,5,2022-08-18
29,266738,5,2022-08-17
42,266743,5,2022-10-02
16,266758,4,2022-07-29
54,266758,4,2022-07-07
11,266766,5,2022-07-07
2,266814,5,2022-07-31
21,266814,5,2022-07-14
37,266814,5,2022-07-16
45,266814,5,2022-07-15
54,266814,5,2022-07-19
7,266864,5,2022-08-15
21,266864,5,2022-08-16
24,266864,5,2022-08-17
35,267026,5,2022-06-22
7,267106,5,2022-10-09
14,267106,5,2022-07-12
20,267106,5,2022-10-12
22,267106,5,2022-10-07
42,267106,5,2022-10-13
46,267106,5,2022-10-19
11,267114,5,2022-08-15
30,267154,5,2022-08-16
7,267195,5,2022-09-17
21,267488,5,2022-09-29
42,267765,5,2022-06-23
7,267880,5,2022-06-22
30,267937,5,2022-09-20
16,267959,5,2022-08-04
3,268011,5,2022-08-01
5,268011,5,2022-06-24
11,268011,5,2022-07-09
13,268011,5,2022-06-27
22,268011,5,2022-06-19
24,268011,5,2022-06-22
26,268011,5,2022-07-14
30,268011,5,2022-07-07
39,268011,5,2022-07-10
23,268053,5,2022-06-27
11,268090,2,2022-10-01
20,268090,4,2022-08-02
35,268090,4,2022-10-17
16,268113,5,2022-06-22
11,268152,5,2022-10-05
14,268152,5,2022-09-18
20,268152,5,2022-08-16
21,268152,5,2022-06-28
42,268154,4,2022-06-16
16,268287,5,2022-09-10
20,268287,5,2022-08-09
21,268287,5,2022-08-20
22,268287,5,2022-08-15
23,268287,5,2022-09-22
24,268287,5,2022-07-25
7,268293,5,2022-07-12
21,268293,5,2022-09-20
23,268410,5,2022-08-16
7,268473,5,2022-08-04
13,268473,5,2022-08-08
22,268473,4,2022-08-27
16,268510,5,2022-07-02
35,268516,5,2022-06-29
7,268618,5,2022-07-09
13,268618,5,2022-07-13
32,268764,4,2022-07-22
37,268764,5,2022-06-25
54,268764,5,2022-07-20
55,268764,5,2022-07-02
20,268825,5,2022-08-15
35,268825,5,2022-09-19
42,268825,5,2022-08-15
46,268825,5,2022-09-27
14,268926,5,2022-09-30
28,268926,3,2022-06-28
35,268926,5,2022-10-20
5,268985,5,2022-07-11
14,268985,5,2022-09-24
4,268989,5,2022-09-29
22,268989,5,2022-09-21
14,268990,5,2022-10-17
34,268990,4,2022-10-05
37,268990,4,2022-06-27
7,269020,4,2022-06-22
28,269040,4,2022-10-06
37,269040,4,2022-08-18
50,269040,4,2022-08-22
52,269040,4,2022-09-22
54,269040,4,2022-09-20
55,269040,4,2022-09-23
14,269054,5,2022-06-27
55,269064,5,2022-06-20
21,269110,5,2022-10-13
3,269204,5,2022-08-31
5,269204,5,2022-08-19
11,269204,5,2022-08-23
13,269204,5,2022-07-26
14,269204,5,2022-09-19
16,269204,5,2022-08-07
25,269204,5,2022-08-15
28,269204,4,2022-06-17
34,269204,5,2022-10-08
44,269204,5,2022-08-26
52,269204,5,2022-09-16
54,269204,5,2022-09-12
55,269204,5,2022-09-10
14,269314,5,2022-08-26
26,269314,5,2022-09-21
39,269314,2,2022-07-07
7,269321,5,2022-07-28
22,269518,5,2022-06-21
24,269518,5,2022-06-17
28,269518,5,2022-07-04
7,269526,5,2022-09-30
21,269526,5,2022-10-03
42,269526,5,2022-10-05
7,269540,5,2022-06-23
13,269540,5,2022-08-07
14,269540,5,2022-10-07
21,269540,5,2022-08-22
23,269540,5,2022-08-02
39,269540,5,2022-08-09
13,269541,5,2022-06-23
23,269541,5,2022-06-17
14,269549,4,2022-07-20
30,269570,5,2022-10-12
5,269741,5,2022-06-21
7,269754,5,2022-06-30
42,269754,5,2022-07-05
7,269773,5,2022-07-13
7,269851,5,2022-08-11
35,269874,4,2022-07-04
36,269934,5,2022-06-23
46,269934,5,2022-06-22
46,269937,4,2022-07-25
7,269959,4,2022-06-19
4,269975,4,2022-09-03
20,269975,5,2022-07-08
35,269975,5,2022-07-11
16,270009,5,2022-08-13
12,270042,5,2022-07-14
49,270042,5,2022-08-03
52,270042,5,2022-08-04
2,270075,3,2022-07-02
14,270075,4,2022-06-17
26,270075,4,2022-07-04
21,270179,5,2022-07-27
21,270232,5,2022-08-17
29,270240,5,2022-09-26
7,270462,5,2022-07-26
7,270596,2,2022-08-02
21,270596,5,2022-09-06
42,270596,2,2022-08-02
13,270606,4,2022-06-17
39,270606,5,2022-08-21
39,270607,5,2022-10-07
14,270671,5,2022-09-29
16,270671,5,2022-08-26
20,270671,5,2022-09-26
22,270671,5,2022-09-27
24,270671,5,2022-08-24
32,270738,5,2022-07-28
54,270738,5,2022-07-29
42,270878,5,2022-07-28
16,270928,4,2022-08-02
14,270988,4,2022-06-19
7,271098,5,2022-08-12
26,271154,5,2022-10-02
35,271154,5,2022-06-19
21,271185,5,2022-06-19
37,271185,5,2022-06-27
50,271185,5,2022-06-29
35,271203,5,2022-07-03
14,271326,5,2022-07-03
16,271326,5,2022-06-28
37,271326,5,2022-08-28
37,271338,5,2022-08-23
50,271338,4,2022-09-27
23,271434,5,2022-06-25
16,271519,4,2022-08-06
20,271519,4,2022-07-23
22,271519,4,2022-08-29
35,271519,4,2022-07-22
46,271519,4,2022-08-19
5,271664,5,2022-07-11
11,271664,5,2022-07-26
16,271664,5,2022-06-25
20,271664,5,2022-07-01
21,271664,5,2022-08-23
22,271664,5,2022-06-27
25,271664,5,2022-08-02
30,271664,5,2022-08-14
37,271664,5,2022-08-17
7,271737,5,2022-10-05
7,271837,5,2022-06-18
23,271837,5,2022-06-23
2,271856,5,2022-06-27
14,271856,5,2022-06-21
23,271903,5,2022-07-13
7,271950,5,2022-09-01
21,271950,5,2022-07-09
14,271991,5,2022-08-11
16,271991,5,2022-07-04
20,271991,5,2022-08-24
22,271991,5,2022-07-06
32,271991,4,2022-09-13
37,271991,5,2022-08-30
50,271991,5,2022-09-26
52,271991,5,2022-09-24
2,272058,4,2022-07-02
24,272261,4,2022-07-11
30,272261,5,2022-10-05
42,272283,5,2022-08-07
46,272283,5,2022-08-26
14,272359,4,2022-09-28
21,272436,5,2022-06-20
11,272472,5,2022-07-24
51,272472,5,2022-07-23
4,272510,5,2022-08-30
16,272510,5,2022-10-02
21,272510,5,2022-10-01
23,272510,5,2022-10-16
30,272510,5,2022-09-03
21,272569,5,2022-08-06
7,272576,5,2022-10-05
2,272586,5,2022-07-09
11,272586,5,2022-08-25
54,272586,5,2022-07-29
4,272838,5,2022-08-22
16,272838,5,2022-08-01
32,272842,5,2022-06-30
34,272842,5,2022-07-23
37,272842,5,2022-06-21
41,272842,5,2022-07-09
48,272842,5,2022-08-11
49,272842,5,2022-06-27
50,272842,5,2022-06-22
52,272842,5,2022-06-24
53,272842,5,2022-08-07
54,272842,5,2022-06-23
16,272887,5,2022-09-15
20,272887,5,2022-06-30
35,272887,5,2022-09-01
5,272909,5,2022-06-28
27,272909,5,2022-10-09
37,272909,5,2022-07-19
7,272923,5,2022-09-21
3,272965,4,2022-06-22
14,272965,4,2022-06-28
16,272965,4,2022-09-14
28,272965,4,2022-06-29
30,272965,4,2022-09-24
29,273034,5,2022-06-16
43,273096,5,2022-08-15
12,273132,3,2022-08-16
42,273161,5,2022-07-06
14,273329,5,2022-07-01
35,273423,1,2022-06-21
4,273580,5,2022-07-05
11,273580,5,2022-07-04
14,273580,5,2022-08-02
16,273580,5,2022-09-08
23,273580,5,2022-06-28
28,273580,5,2022-07-14
37,273580,5,2022-07-05
23,273601,5,2022-08-11
39,273602,5,2022-08-17
14,273630,4,2022-09-18
21,273630,5,2022-09-21
7,273831,5,2022-07-06
23,273852,5,2022-07-19
7,273992,5,2022-06-19
2,274039,5,2022-06-16
3,274039,5,2022-07-15
13,274039,5,2022-07-15
14,274039,5,2022-08-28
16,274039,4,2022-07-10
35,274039,5,2022-06-16
2,274050,4,2022-08-11
14,274050,5,2022-06-30
21,274050,5,2022-06-23
37,274050,5,2022-08-19
13,274070,5,2022-06-17
21,274070,5,2022-06-19
23,274070,5,2022-06-17
7,274087,5,2022-06-26
25,274098,5,2022-08-17
7,274166,5,2022-08-01
42,274166,5,2022-08-26
50,274267,5,2022-08-15
42,274347,5,2022-07-14
30,274352,5,2022-08-18
14,274382,5,2022-06-27
21,274382,5,2022-08-01
24,274382,5,2022-08-25
36,274382,5,2022-06-21
28,274433,5,2022-08-28
14,274438,5,2022-09-28
23,274464,5,2022-06-27
5,274498,5,2022-07-24
16,274498,5,2022-07-06
21,274498,5,2022-07-12
22,274498,3,2022-09-21
7,274552,5,2022-06-17
16,274564,5,2022-10-06
34,274564,5,2022-08-18
35,274564,5,2022-09-26
43,274564,5,2022-06-24
46,274564,5,2022-08-09
13,274576,5,2022-06-26
21,274576,5,2022-08-08
23,274576,5,2022-06-23
39,274576,5,2022-06-30
29,274624,5,2022-08-24
7,274625,5,2022-08-15
23,274626,5,2022-08-15
24,274626,5,2022-08-18
28,274626,5,2022-08-17
53,274663,5,2022-10-04
2,274814,3,2022-07-08
35,274880,4,2022-06-30
36,274880,5,2022-07-03
7,274893,5,2022-09-21
42,274893,5,2022-09-27
21,274901,5,2022-09-06
2,274906,5,2022-07-14
3,274906,4,2022-07-09
13,274906,5,2022-06-22
14,274906,3,2022-07-23
21,274906,5,2022-06-27
23,274906,4,2022-06-18
28,274906,4,2022-07-16
39,274906,5,2022-06-24
42,274906,2,2022-06-16
7,274985,4,2022-06-21
14,274996,5,2022-08-05
46,274996,5,2022-06-18
7,275004,5,2022-08-24
2,275045,3,2022-08-24
3,275045,5,2022-08-07
5,275045,3,2022-08-18
11,275045,5,2022-08-19
12,275045,3,2022-08-25
14,275045,5,2022-07-21
21,275045,3,2022-08-22
23,275045,5,2022-07-10
35,275045,3,2022-08-02
16,275100,5,2022-10-16
21,275100,5,2022-08-24
22,275100,5,2022-10-17
42,275100,5,2022-08-17
7,275113,5,2022-06-24
2,275126,5,2022-08-27
4,275129,5,2022-07-19
14,275129,5,2022-06-22
23,275154,5,2022-07-09
21,275165,5,2022-06-17
24,275165,4,2022-06-19
7,275173,4,2022-07-02
7,275276,4,2022-07-03
30,275298,5,2022-06-30
21,275413,4,2022-08-14
14,275442,5,2022-06-22
46,275442,5,2022-07-21
7,275445,5,2022-10-11
3,275449,5,2022-09-16
5,275449,5,2022-09-23
11,275449,5,2022-08-05
14,275449,5,2022-06-19
21,275449,5,2022-06-19
33,275449,5,2022-09-25
35,275449,5,2022-07-28
36,275449,5,2022-10-04
46,275449,5,2022-10-08
46,275457,5,2022-06-17
7,275468,5,2022-06-18
16,275468,5,2022-07-05
21,275468,5,2022-07-24
39,275470,5,2022-06-21
7,275479,5,2022-06-17
21,275479,5,2022-07-15
42,275479,5,2022-06-19
7,275533,5,2022-07-21
23,275550,5,2022-08-16
46,275572,5,2022-06-22
51,275580,5,2022-09-14
21,275583,5,2022-10-04
24,275583,4,2022-10-11
13,275590,5,2022-07-02
20,275590,5,2022-10-07
21,275590,5,2022-10-01
22,275590,5,2022-10-12
23,275590,5,2022-06-27
42,275590,5,2022-06-17
46,275590,5,2022-07-25
23,275591,4,2022-09-18
16,275637,5,2022-06-17
24,275637,4,2022-07-11
43,275677,3,2022-07-28
7,275684,5,2022-06-16
21,275684,5,2022-09-26
42,275684,5,2022-09-26
46,275684,5,2022-08-29
7,275741,5,2022-06-27
11,275741,5,2022-08-18
20,275741,5,2022-08-18
21,275741,5,2022-08-18
23,275741,5,2022-08-16
30,275741,5,2022-08-18
7,275766,5,2022-09-22
20,276135,5,2022-07-11
35,276135,5,2022-07-11
4,276220,5,2022-08-16
23,276220,5,2022-06-29
13,276381,5,2022-08-17
3,276439,5,2022-09-19
5,276439,5,2022-08-04
13,276439,5,2022-06-16
14,276439,5,2022-07-19
21,276439,5,2022-07-05
22,276439,5,2022-09-24
24,276439,5,2022-10-01
25,276439,5,2022-09-23
30,276439,5,2022-08-03
35,276439,5,2022-08-04
39,276439,5,2022-06-22
43,276439,5,2022-09-22
45,276439,5,2022-09-24
50,276439,5,2022-09-26
16,276455,5,2022-06-16
7,276510,5,2022-06-20
42,276510,5,2022-09-03
46,276510,5,2022-09-03
7,276598,5,2022-06-24
21,276598,5,2022-08-28
23,276664,5,2022-06-28
16,276783,5,2022-06-30
21,276783,5,2022-06-17
22,276783,5,2022-07-18
24,276783,5,2022-06-20
33,276784,5,2022-07-17
7,276790,4,2022-06-25
46,276887,4,2022-06-21
14,276938,5,2022-07-04
7,276998,4,2022-06-20
23,277026,4,2022-08-16
42,277026,5,2022-08-18
3,277084,4,2022-08-01
4,277084,5,2022-09-08
5,277084,5,2022-08-09
11,277084,4,2022-08-25
13,277084,4,2022-09-06
14,277084,4,2022-06-29
21,277084,4,2022-06-19
23,277084,4,2022-06-16
35,277084,4,2022-07-20
53,277109,5,2022-06-21
7,277116,5,2022-08-16
3,277228,5,2022-08-17
42,277236,5,2022-07-27
23,277238,5,2022-09-01
7,277242,5,2022-07-20
14,277242,5,2022-08-01
21,277242,4,2022-08-16
29,277242,5,2022-10-02
35,277242,5,2022-07-28
42,277242,5,2022-07-23
42,277285,5,2022-06-18
45,277312,5,2022-08-17
2,277322,5,2022-09-18
42,277322,5,2022-08-18
7,277353,5,2022-08-16
11,277353,5,2022-10-13
21,277353,5,2022-09-02
23,277353,5,2022-09-20
35,277353,5,2022-09-14
37,277353,5,2022-10-02
46,277353,5,2022-09-17
51,277353,5,2022-09-20
7,277378,4,2022-08-15
23,277378,4,2022-08-16
42,277378,5,2022-08-15
46,277378,4,2022-08-16
5,277398,5,2022-08-07
16,277398,5,2022-07-02
21,277398,5,2022-07-18
22,277398,5,2022-10-19
24,277398,5,2022-08-14
7,277403,5,2022-06-30
13,277403,5,2022-07-29
21,277403,5,2022-08-18
23,277403,5,2022-07-19
39,277403,5,2022-08-01
42,277403,5,2022-07-02
46,277403,5,2022-07-15
15,277418,5,2022-08-15
35,277418,5,2022-08-17
7,277419,5,2022-09-28
7,277508,5,2022-06-16
13,277508,5,2022-06-24
7,277556,5,2022-08-24
3,277557,4,2022-06-25
14,277557,5,2022-06-19
19,277557,5,2022-06-25
23,277557,5,2022-07-03
26,277557,5,2022-06-27
35,277557,5,2022-06-19
20,277562,5,2022-09-26
21,277562,5,2022-08-13
35,277562,5,2022-09-26
4,277590,5,2022-08-16
23,277590,5,2022-07-06
7,277591,5,2022-10-09
27,277609,5,2022-06-20
7,277657,4,2022-09-29
7,277668,5,2022-07-13
19,277677,5,2022-06-23
21,277705,5,2022-06-21
13,277718,5,2022-06-16
7,277734,5,2022-08-16
7,277766,4,2022-06-22
21,277782,5,2022-06-20
20,277791,5,2022-07-04
26,277821,5,2022-06-22
7,277825,5,2022-06-18
23,277825,5,2022-07-15
28,277825,5,2022-07-07
21,277845,5,2022-06-17
7,277864,5,2022-06-18
21,277864,5,2022-06-24
13,277866,4,2022-10-05
20,277866,4,2022-07-16
22,277866,4,2022-07-09
23,277866,4,2022-09-29
28,277866,3,2022-08-19
35,277866,4,2022-07-04
46,277866,4,2022-08-09
7,277886,5,2022-08-15
14,277886,5,2022-10-02
21,277886,5,2022-08-16
27,277886,5,2022-10-10
34,277886,5,2022-10-07
37,277886,5,2022-08-13
44,277886,5,2022-10-08
46,277886,5,2022-08-18
49,277886,5,2022-08-17
50,277886,5,2022-08-17
52,277886,5,2022-08-17
54,277886,5,2022-08-17
55,277886,5,2022-08-14
7,277945,4,2022-06-16
21,277945,4,2022-06-17
13,277953,5,2022-08-25
21,277953,5,2022-09-04
23,277953,5,2022-06-18
39,277953,5,2022-09-02
7,277964,5,2022-06-20
21,277964,5,2022-06-24
24,277964,5,2022-08-18
23,278039,5,2022-06-16
23,278062,5,2022-07-18
13,278072,5,2022-06-16
13,278077,5,2022-06-16
20,278080,5,2022-06-21
7,278113,5,2022-06-18
3,278115,5,2022-07-26
7,278115,5,2022-06-20
7,278129,4,2022-06-23
21,278129,4,2022-07-05
24,278129,3,2022-08-23
7,278161,5,2022-06-28
4,278177,5,2022-08-29
7,278177,5,2022-06-18
21,278177,5,2022-08-13
42,278213,5,2022-06-20
23,278216,3,2022-07-23
7,278227,5,2022-06-18
7,278280,5,2022-06-21
7,278283,4,2022-06-21
14,278283,5,2022-07-04
20,278283,5,2022-08-04
23,278283,5,2022-07-25
26,278283,5,2022-07-19
35,278283,5,2022-08-08
42,278283,5,2022-06-23
46,278283,5,2022-07-21
7,278304,5,2022-08-25
7,278326,5,2022-06-20
21,278326,5,2022-06-28
22,278326,3,2022-07-05
5,278344,5,2022-06-23
11,278344,5,2022-06-26
7,278353,5,2022-06-20
29,278398,3,2022-06-19
15,278400,4,2022-06-19
35,278417,5,2022-07-06
42,278421,5,2022-10-09
28,278434,2,2022-06-27
23,278444,5,2022-07-31
7,278450,5,2022-06-21
7,278459,5,2022-07-26
16,278459,5,2022-10-12
22,278459,5,2022-09-28
24,278459,5,2022-09-30
42,278461,5,2022-10-02
7,278483,5,2022-07-03
23,278496,5,2022-08-01
7,278509,5,2022-06-20
7,278539,5,2022-07-09
7,278582,5,2022-06-22
16,278582,5,2022-07-06
21,278582,5,2022-06-24
22,278582,5,2022-07-10
24,278582,5,2022-07-05
32,278582,5,2022-07-18
37,278582,5,2022-07-12
23,278611,5,2022-09-20
42,278611,5,2022-08-15
46,278611,5,2022-08-12
7,278628,5,2022-06-20
16,278684,5,2022-08-15
20,278684,5,2022-08-15
29,278684,5,2022-08-15
35,278684,5,2022-08-15
37,278684,5,2022-08-15
36,278687,5,2022-06-21
28,278691,5,2022-06-20
28,278699,5,2022-06-20
7,278701,5,2022-07-08
21,278701,5,2022-08-04
15,278710,5,2022-06-21
7,278723,5,2022-07-03
15,278731,5,2022-06-21
37,278740,5,2022-06-29
7,278753,5,2022-06-23
13,278753,5,2022-07-08
20,278753,5,2022-07-21
21,278753,5,2022-07-18
22,278753,5,2022-07-22
23,278753,5,2022-07-07
39,278753,5,2022-07-12
7,278758,5,2022-06-22
7,278764,5,2022-06-21
14,278764,4,2022-07-18
20,278764,5,2022-09-22
21,278764,4,2022-07-06
23,278764,5,2022-06-26
35,278764,5,2022-09-22
7,278767,5,2022-08-15
7,278783,5,2022-07-10
14,278789,5,2022-08-30
21,278815,5,2022-06-25
23,278827,5,2022-08-15
42,278827,5,2022-10-13
7,278833,4,2022-06-25
42,278833,4,2022-08-03
23,278843,5,2022-06-22
7,278851,5,2022-07-02
16,278851,5,2022-09-21
20,278851,5,2022-09-21
21,278851,5,2022-09-14
22,278851,5,2022-10-13
23,278851,5,2022-10-08
24,278851,5,2022-09-19
28,278851,5,2022-09-20
30,278851,5,2022-09-26
42,278851,5,2022-10-03
29,278853,5,2022-07-28
7,278870,5,2022-06-29
21,278875,5,2022-06-26
23,278875,5,2022-09-27
28,278875,5,2022-09-16
7,278927,5,2022-06-23
11,278927,5,2022-07-15
14,278927,5,2022-08-01
16,278927,5,2022-07-06
20,278927,5,2022-07-15
21,278927,5,2022-06-23
22,278927,5,2022-07-15
24,278927,5,2022-07-01
32,278927,5,2022-08-01
42,278958,5,2022-10-03
46,278958,5,2022-07-09
7,278972,5,2022-06-23
16,278972,5,2022-10-19
20,278972,5,2022-10-07
22,278972,5,2022-10-07
23,278972,5,2022-10-04
35,278972,5,2022-10-08
7,278995,5,2022-09-08
16,278995,5,2022-09-12
23,279055,5,2022-06-27
14,279061,5,2022-08-15
14,279062,5,2022-10-13
15,279083,5,2022-08-02
7,279101,5,2022-06-24
7,279132,5,2022-06-27
21,279132,5,2022-06-29
7,279169,5,2022-06-30
7,279178,5,2022-07-03
42,279178,5,2022-07-14
23,279196,5,2022-06-28
7,279197,5,2022-06-28
7,279228,5,2022-08-06
21,279228,5,2022-08-11
24,279228,5,2022-09-17
7,279229,4,2022-10-07
7,279231,5,2022-06-30
7,279264,5,2022-06-26
21,279264,5,2022-07-04
46,279264,5,2022-07-22
7,279330,5,2022-08-12
24,279352,5,2022-07-01
28,279356,5,2022-06-28
7,279396,5,2022-07-02
29,279404,5,2022-07-13
7,279409,5,2022-06-28
7,279426,5,2022-06-27
7,279428,5,2022-07-30
7,279458,5,2022-06-27
7,279468,5,2022-06-28
24,279468,5,2022-07-10
2,279482,5,2022-09-25
3,279482,5,2022-09-24
12,279482,5,2022-10-03
13,279482,5,2022-09-30
16,279482,5,2022-10-03
21,279482,5,2022-07-11
23,279482,5,2022-09-01
24,279482,5,2022-07-31
39,279482,5,2022-09-30
42,279482,5,2022-09-27
46,279482,5,2022-09-27
7,279508,5,2022-07-16
14,279508,5,2022-08-27
21,279508,5,2022-08-13
23,279508,5,2022-07-29
14,279535,5,2022-08-16
7,279537,5,2022-07-27
42,279537,5,2022-07-24
7,279562,5,2022-08-16
14,279562,5,2022-09-19
16,279562,5,2022-09-08
21,279562,5,2022-09-05
7,279597,5,2022-09-04
7,279615,5,2022-06-29
29,279680,5,2022-06-30
22,279726,5,2022-08-15
3,279738,5,2022-08-02
7,279738,5,2022-06-29
12,279738,4,2022-07-19
13,279738,4,2022-07-09
21,279738,4,2022-07-15
23,279738,4,2022-07-08
28,279738,3,2022-07-28
35,279738,3,2022-08-05
42,279738,3,2022-07-06
7,279766,5,2022-06-30
7,279768,5,2022-06-30
7,279784,5,2022-06-30
7,279787,5,2022-06-30
33,279802,5,2022-07-14
7,279862,5,2022-07-06
23,279862,5,2022-07-06
13,279874,5,2022-08-17
23,279874,5,2022-08-15
55,279874,5,2022-08-15
7,279881,5,2022-07-03
37,279907,5,2022-07-01
7,279908,5,2022-07-01
37,279986,2,2022-07-11
7,280019,5,2022-07-03
21,280019,5,2022-10-19
35,280034,4,2022-07-02
7,280049,5,2022-07-02
30,280059,5,2022-07-05
21,280061,5,2022-07-09
2,280114,5,2022-07-02
2,280121,4,2022-10-08
7,280121,5,2022-07-06
13,280121,4,2022-08-12
14,280121,5,2022-09-27
20,280121,5,2022-08-03
21,280121,5,2022-09-07
23,280121,5,2022-07-19
26,280121,5,2022-10-12
30,280121,5,2022-08-23
35,280121,5,2022-07-19
39,280121,5,2022-08-17
42,280121,5,2022-07-25
46,280121,5,2022-07-11
7,280126,5,2022-07-04
43,280142,3,2022-07-03
48,280148,3,2022-09-23
23,280152,5,2022-08-15
7,280155,5,2022-07-03
23,280159,5,2022-07-04
21,280162,5,2022-07-04
7,280168,5,2022-07-08
29,280178,5,2022-07-10
35,280193,5,2022-08-07
4,280207,4,2022-07-25
11,280207,5,2022-07-22
13,280207,5,2022-07-17
23,280207,5,2022-07-17
39,280207,5,2022-07-17
13,280216,5,2022-08-16
39,280216,5,2022-08-17
7,280233,5,2022-07-05
24,280233,5,2022-07-27
23,280243,5,2022-08-15
7,280248,4,2022-07-04
2,280249,3,2022-07-29
7,280249,5,2022-07-12
13,280249,5,2022-07-19
20,280249,5,2022-07-25
21,280249,5,2022-07-23
22,280249,5,2022-07-25
23,280249,4,2022-07-19
25,280249,5,2022-10-09
39,280249,5,2022-07-20
42,280249,4,2022-07-14
46,280249,4,2022-07-17
7,280324,5,2022-07-06
16,280324,5,2022-08-08
21,280324,5,2022-07-10
24,280324,5,2022-08-05
30,280324,5,2022-07-13
42,280324,5,2022-07-08
7,280327,5,2022-07-05
7,280330,5,2022-10-05
44,280345,5,2022-10-02
21,280372,5,2022-09-20
23,280372,5,2022-08-31
35,280372,5,2022-08-18
7,280379,5,2022-07-11
14,280379,5,2022-08-22
35,280379,5,2022-07-18
42,280379,5,2022-08-31
46,280379,5,2022-09-28
7,280392,5,2022-07-05
7,280412,5,2022-07-13
7,280430,5,2022-07-06
7,280481,5,2022-07-06
42,280489,4,2022-07-06
42,280516,5,2022-07-07
42,280548,3,2022-07-13
7,280570,5,2022-07-06
7,280581,5,2022-07-06
42,280581,5,2022-07-06
21,280611,2,2022-09-23
2,280613,5,2022-09-01
7,280613,5,2022-07-17
11,280613,5,2022-09-15
13,280613,5,2022-08-10
14,280613,5,2022-08-30
16,280613,5,2022-09-05
21,280613,5,2022-08-14
22,280613,5,2022-08-15
23,280613,5,2022-08-06
24,280613,5,2022-08-18
26,280613,5,2022-09-04
28,280613,5,2022-09-19
30,280613,5,2022-09-14
35,280613,5,2022-08-10
39,280613,5,2022-08-13
42,280613,5,2022-07-28
44,280613,5,2022-09-17
45,280613,5,2022-09-15
46,280613,5,2022-07-31
50,280613,4,2022-08-17
7,280633,5,2022-08-18
7,280644,4,2022-08-17
21,280644,3,2022-09-30
23,280644,3,2022-09-22
7,280655,5,2022-07-18
2,280685,5,2022-08-15
7,280724,5,2022-07-08
16,280724,5,2022-07-29
41,280770,5,2022-08-15
3,280772,3,2022-07-24
12,280772,3,2022-07-17
21,280772,2,2022-08-15
35,280788,5,2022-07-09
7,280794,5,2022-07-09
13,280794,5,2022-07-24
23,280794,5,2022-07-24
7,280799,5,2022-07-08
7,280813,5,2022-07-09
7,280814,5,2022-07-11
23,280818,1,2022-07-11
7,280821,3,2022-07-11
16,280821,5,2022-08-09
21,280821,4,2022-07-22
7,280850,4,2022-07-10
42,280850,5,2022-07-21
7,280853,5,2022-08-21
21,280853,5,2022-10-06
7,280854,5,2022-07-13
7,280868,5,2022-07-12
16,280868,5,2022-08-18
21,280868,5,2022-07-28
22,280868,5,2022-08-26
23,280868,5,2022-07-15
24,280868,5,2022-08-17
7,280894,5,2022-07-10
7,280948,5,2022-08-15
34,280948,5,2022-08-15
7,280957,4,2022-07-10
7,280969,5,2022-07-10
7,281010,5,2022-07-25
23,281010,5,2022-08-06
7,281045,5,2022-07-11
33,281071,5,2022-07-11
16,281074,5,2022-07-12
7,281076,5,2022-07-25
2,281084,5,2022-08-16
14,281084,5,2022-08-17
45,281084,5,2022-08-18
42,281107,5,2022-08-05
23,281113,5,2022-07-11
35,281196,5,2022-08-13
7,281200,3,2022-07-12
42,281200,4,2022-07-12
7,281243,5,2022-07-14
7,281255,5,2022-07-13
7,281256,5,2022-07-12
33,281282,5,2022-07-13
35,281293,5,2022-07-12
7,281295,5,2022-08-07
7,281299,5,2022-07-12
21,281299,5,2022-07-21
45,281321,5,2022-07-14
23,281325,5,2022-07-25
42,281339,4,2022-07-20
23,281362,5,2022-08-17
7,281370,5,2022-07-18
23,281370,4,2022-08-30
35,281370,5,2022-07-28
14,281379,5,2022-08-18
21,281404,4,2022-07-14
35,281413,5,2022-07-14
7,281440,5,2022-07-16
23,281440,5,2022-07-26
24,281440,1,2022-08-03
30,281501,5,2022-07-14
5,281522,4,2022-07-23
21,281522,4,2022-07-31
7,281528,5,2022-07-21
16,281556,5,2022-07-14
7,281608,5,2022-07-24
21,281608,4,2022-09-04
13,281609,5,2022-08-05
42,281609,5,2022-07-15
23,281610,5,2022-07-16
7,281627,5,2022-07-16
7,281637,5,2022-07-16
14,281671,5,2022-08-23
21,281734,5,2022-07-17
16,281742,5,2022-08-07
23,281802,5,2022-07-29
23,281809,5,2022-07-17
16,281832,3,2022-08-18
7,281870,5,2022-07-28
21,281870,5,2022-08-05
23,281870,5,2022-08-09
24,281870,5,2022-09-24
29,281870,5,2022-10-07
42,281870,5,2022-07-29
46,281870,4,2022-08-03
48,281870,5,2022-09-20
7,281900,5,2022-07-30
42,281900,4,2022-09-03
7,281938,5,2022-10-18
23,281938,5,2022-10-18
28,281938,5,2022-10-19
26,281942,5,2022-07-18
2,281961,5,2022-07-20
7,281961,5,2022-07-18
21,281961,5,2022-07-20
22,281961,5,2022-07-18
24,281961,5,2022-07-20
28,281961,5,2022-07-21
37,281961,5,2022-07-21
7,281966,5,2022-07-19
21,281966,5,2022-10-03
24,281966,4,2022-10-19
7,281984,5,2022-07-18
7,281993,5,2022-07-27
13,281993,5,2022-10-07
21,281993,5,2022-10-12
23,281993,5,2022-10-05
39,281993,5,2022-10-11
42,281993,5,2022-09-29
46,281993,5,2022-09-18
23,281999,5,2022-07-26
7,282010,5,2022-09-15
7,282033,5,2022-08-01
42,282033,5,2022-08-04
7,282066,5,2022-08-18
7,282094,5,2022-07-19
7,282107,5,2022-07-19
5,282111,5,2022-08-15
11,282111,5,2022-08-15
23,282111,5,2022-08-16
7,282121,5,2022-07-21
16,282121,5,2022-08-30
21,282121,5,2022-08-01
7,282124,5,2022-07-19
7,282138,5,2022-07-20
7,282159,5,2022-08-15
11,282159,5,2022-08-16
13,282159,5,2022-08-15
14,282159,5,2022-08-15
23,282171,5,2022-08-23
7,282207,4,2022-07-22
23,282207,4,2022-08-06
7,282218,5,2022-07-21
42,282235,5,2022-07-27
3,282273,4,2022-10-05
7,282278,5,2022-07-26
35,282278,5,2022-08-01
5,282291,5,2022-07-27
22,282291,5,2022-08-20
35,282291,5,2022-08-10
16,282307,5,2022-08-15
7,282318,5,2022-07-27
14,282318,5,2022-08-17
16,282318,5,2022-08-07
21,282318,5,2022-08-01
22,282318,5,2022-08-09
24,282318,5,2022-08-04
23,282322,5,2022-08-14
37,282336,3,2022-08-06
7,282344,4,2022-07-22
23,282352,4,2022-08-10
7,282356,4,2022-07-28
7,282366,5,2022-07-28
7,282370,5,2022-08-13
23,282370,5,2022-08-13
21,282371,5,2022-07-30
24,282371,5,2022-08-09
7,282405,5,2022-07-23
7,282408,4,2022-07-28
46,282408,5,2022-09-04
7,282419,5,2022-07-30
7,282426,4,2022-07-25
7,282430,4,2022-07-24
14,282430,5,2022-08-29
23,282430,5,2022-07-25
35,282430,5,2022-09-25
7,282446,4,2022-07-26
21,282446,4,2022-08-10
7,282462,5,2022-07-24
13,282462,5,2022-09-19
23,282462,5,2022-08-02
7,282466,5,2022-08-14
7,282491,5,2022-08-20
7,282529,5,2022-08-01
20,282529,5,2022-10-11
21,282529,4,2022-10-06
35,282529,5,2022-10-11
7,282542,5,2022-07-27
7,282546,5,2022-07-28
7,282560,4,2022-08-10
21,282560,5,2022-08-22
24,282560,5,2022-09-06
7,282564,5,2022-07-26
23,282564,4,2022-07-27
25,282567,5,2022-07-26
7,282575,5,2022-08-07
21,282575,5,2022-09-07
22,282575,5,2022-10-19
24,282575,5,2022-09-29
25,282575,5,2022-10-05
28,282575,5,2022-10-19
13,282586,4,2022-08-15
21,282586,4,2022-08-18
23,282586,4,2022-08-15
39,282586,4,2022-08-15
42,282586,4,2022-08-13
46,282586,4,2022-08-06
7,282591,5,2022-07-27
13,282591,5,2022-09-14
23,282591,5,2022-09-04
39,282591,5,2022-09-21
42,282591,5,2022-08-22
46,282591,5,2022-08-07
23,282594,5,2022-08-04
7,282595,5,2022-07-31
14,282595,5,2022-09-29
42,282595,5,2022-08-09
46,282595,5,2022-10-07
2,282601,5,2022-10-15
7,282601,4,2022-09-25
13,282601,5,2022-09-24
14,282601,5,2022-08-21
21,282601,5,2022-08-07
23,282601,5,2022-10-17
28,282601,5,2022-10-16
46,282601,5,2022-10-10
7,282610,5,2022-09-01
14,282610,4,2022-10-06
23,282610,5,2022-09-06
7,282614,5,2022-07-26
7,282617,4,2022-07-26
7,282626,5,2022-08-09
7,282637,5,2022-07-26
23,282637,5,2022-07-27
16,282643,4,2022-09-24
20,282643,5,2022-08-02
46,282643,5,2022-07-30
23,282668,5,2022-07-30
23,282680,5,2022-08-17
7,282687,5,2022-07-27
22,282687,5,2022-08-21
7,282697,4,2022-08-05
16,282697,5,2022-08-18
7,282700,5,2022-07-27
42,282700,5,2022-07-27
7,282705,5,2022-08-01
7,282706,5,2022-07-30
7,282713,5,2022-09-21
35,282720,4,2022-08-04
42,282720,4,2022-07-26
7,282726,5,2022-10-08
13,282726,5,2022-08-08
23,282726,5,2022-08-10
28,282726,5,2022-08-24
45,282726,5,2022-08-09
7,282738,4,2022-07-29
2,282739,5,2022-10-11
7,282739,5,2022-07-27
11,282739,5,2022-10-15
14,282739,5,2022-09-19
25,282739,4,2022-10-20
26,282739,5,2022-09-30
30,282739,5,2022-10-10
35,282739,5,2022-09-26
39,282739,5,2022-10-18
42,282739,4,2022-10-06
46,282739,5,2022-10-09
22,282741,5,2022-07-30
7,282749,5,2022-07-28
42,282751,5,2022-08-08
46,282751,4,2022-08-17
35,282763,5,2022-07-27
7,282776,4,2022-08-01
21,282776,5,2022-10-08
23,282776,4,2022-09-09
43,282784,5,2022-07-28
7,282803,5,2022-08-08
3,282807,5,2022-07-27
7,282825,4,2022-08-09
7,282829,5,2022-07-28
42,282829,5,2022-08-01
46,282829,5,2022-08-07
7,282839,5,2022-07-28
46,282839,5,2022-08-15
7,282845,5,2022-07-29
23,282849,5,2022-08-15
7,282864,5,2022-07-28
22,282881,5,2022-07-29
7,282892,5,2022-08-04
23,282892,5,2022-10-08
7,282901,5,2022-08-01
42,282901,5,2022-08-02
36,282915,5,2022-08-16
7,282920,5,2022-08-02
21,282920,5,2022-08-04
23,282920,4,2022-08-02
7,282926,5,2022-08-03
21,282926,5,2022-08-09
42,282935,4,2022-09-23
7,282948,5,2022-08-23
7,282950,5,2022-07-29
2,282954,5,2022-09-26
7,282954,5,2022-07-30
13,282954,5,2022-08-23
21,282954,5,2022-09-16
23,282954,5,2022-08-17
24,282954,5,2022-10-09
39,282954,5,2022-08-26
42,282954,5,2022-08-06
46,282954,5,2022-08-10
7,282956,5,2022-08-11
7,282960,4,2022-08-24
35,282960,4,2022-10-18
2,282977,5,2022-08-12
3,282977,5,2022-08-21
14,282977,5,2022-08-07
15,282977,5,2022-07-29
19,282977,5,2022-08-01
21,282977,5,2022-09-07
22,282977,5,2022-10-05
24,282977,5,2022-10-20
26,282977,5,2022-08-04
30,282977,5,2022-10-15
33,282977,5,2022-08-15
37,282977,5,2022-09-19
45,282977,5,2022-09-16
7,283025,5,2022-08-02
21,283025,5,2022-08-03
14,283029,5,2022-08-25
20,283029,5,2022-09-16
50,283029,5,2022-09-16
7,283066,5,2022-08-06
7,283130,5,2022-08-12
3,283131,5,2022-08-17
25,283138,5,2022-07-31
7,283143,5,2022-07-31
13,283166,5,2022-08-17
53,283166,5,2022-08-15
7,283185,5,2022-07-31
23,283237,5,2022-08-03
7,283300,5,2022-08-21
7,283301,5,2022-08-01
7,283318,5,2022-08-08
7,283335,5,2022-08-02
7,283336,5,2022-08-02
7,283341,5,2022-08-02
7,283350,5,2022-08-02
23,283353,5,2022-08-01
7,283357,5,2022-08-05
14,283357,4,2022-08-09
16,283357,5,2022-08-11
21,283357,5,2022-08-06
22,283357,5,2022-08-11
15,283370,5,2022-08-02
7,283382,5,2022-08-02
7,283406,4,2022-08-10
13,283406,4,2022-10-19
23,283406,4,2022-10-15
42,283406,4,2022-10-03
46,283406,3,2022-08-30
7,283407,5,2022-08-02
14,283407,5,2022-08-17
7,283435,5,2022-08-01
7,283452,5,2022-10-07
20,283452,5,2022-09-26
22,283452,5,2022-08-26
7,283472,5,2022-08-01
45,283473,5,2022-08-03
7,283479,5,2022-08-02
45,283479,5,2022-08-17
21,283576,5,2022-08-15
7,283584,5,2022-08-10
21,283584,5,2022-08-11
13,283612,5,2022-09-27
35,283612,5,2022-08-04
51,283612,5,2022-08-05
35,283623,5,2022-08-14
7,283641,5,2022-08-13
7,283648,5,2022-08-04
7,283658,5,2022-08-03
23,283658,5,2022-08-16
7,283679,5,2022-08-09
30,283679,5,2022-08-10
7,283696,4,2022-08-04
21,283696,5,2022-08-15
24,283696,4,2022-09-10
5,283730,5,2022-08-25
7,283730,5,2022-08-05
11,283730,5,2022-08-31
23,283730,5,2022-08-14
35,283730,5,2022-08-17
42,283730,5,2022-08-09
21,283735,5,2022-09-11
7,283745,5,2022-08-04
46,283745,5,2022-08-11
23,283755,5,2022-08-17
7,283782,5,2022-08-17
23,283806,5,2022-08-08
25,283806,5,2022-10-02
7,283809,5,2022-08-11
7,283824,5,2022-08-08
12,283824,5,2022-09-28
21,283824,5,2022-10-15
23,283824,5,2022-10-03
29,283824,5,2022-08-10
42,283831,5,2022-08-08
7,283848,4,2022-08-04
21,283852,5,2022-08-04
14,283854,5,2022-09-19
21,283854,5,2022-08-26
54,283854,5,2022-08-16
14,283855,5,2022-08-16
7,283882,5,2022-09-03
23,283885,5,2022-08-08
7,283886,5,2022-08-05
16,283886,4,2022-08-17
19,283886,5,2022-08-18
35,283886,5,2022-08-16
42,283886,5,2022-08-04
7,283927,5,2022-08-05
23,283927,5,2022-08-08
7,283936,5,2022-08-06
15,283942,5,2022-08-06
7,283967,5,2022-08-18
14,284011,5,2022-08-06
14,284015,5,2022-08-16
16,284015,5,2022-10-06
7,284022,5,2022-08-16
13,284022,5,2022-08-16
21,284022,5,2022-08-17
23,284022,5,2022-08-17
7,284066,5,2022-08-14
23,284066,5,2022-08-22
7,284067,4,2022-08-28
24,284072,5,2022-08-26
51,284091,3,2022-08-06
7,284152,5,2022-08-09
23,284152,5,2022-08-18
42,284160,4,2022-08-09
24,284171,4,2022-08-17
7,284180,5,2022-08-16
21,284180,5,2022-08-24
7,284230,5,2022-09-02
7,284241,5,2022-08-10
23,284241,5,2022-08-12
35,284241,5,2022-08-08
21,284265,5,2022-08-15
23,284266,4,2022-08-21
35,284266,5,2022-09-18
42,284289,5,2022-08-15
7,284292,5,2022-08-09
7,284311,5,2022-08-14
23,284319,5,2022-08-08
7,284334,5,2022-09-01
7,284346,5,2022-08-22
7,284372,5,2022-08-09
7,284379,5,2022-08-18
23,284379,5,2022-08-20
30,284387,5,2022-08-09
7,284397,5,2022-08-18
7,284402,5,2022-08-15
11,284406,5,2022-08-18
2,284438,5,2022-08-22
3,284438,5,2022-09-15
5,284438,5,2022-09-28
7,284438,5,2022-08-10
11,284438,5,2022-10-15
12,284438,5,2022-10-12
13,284438,5,2022-08-24
14,284438,5,2022-09-13
23,284438,5,2022-08-15
26,284438,5,2022-10-07
39,284438,5,2022-09-14
42,284438,5,2022-08-14
46,284438,5,2022-09-21
43,284464,4,2022-08-09
7,284482,4,2022-08-16
13,284482,5,2022-09-12
21,284482,4,2022-10-06
23,284482,4,2022-09-10
39,284482,4,2022-09-21
42,284482,4,2022-08-30
46,284482,4,2022-08-25
7,284492,4,2022-09-14
23,284497,5,2022-08-10
11,284531,5,2022-09-05
22,284531,5,2022-09-04
7,284535,5,2022-08-10
7,284550,5,2022-09-16
42,284556,5,2022-08-17
7,284560,5,2022-08-09
7,284561,5,2022-08-16
42,284561,5,2022-08-17
7,284566,5,2022-08-12
7,284633,5,2022-08-11
15,284643,5,2022-10-10
23,284656,5,2022-08-10
42,284657,4,2022-08-10
35,284662,5,2022-08-16
28,284679,5,2022-08-17
7,284700,5,2022-08-11
7,284731,5,2022-08-11
7,284748,5,2022-08-17
7,284790,5,2022-08-13
23,284790,5,2022-08-17
7,284792,5,2022-08-21
28,284802,5,2022-08-11
7,284803,4,2022-08-11
23,284848,5,2022-08-11
7,284858,4,2022-08-12
13,284858,5,2022-08-17
21,284858,5,2022-08-28
23,284858,4,2022-08-17
39,284858,4,2022-08-19
13,284867,5,2022-08-17
7,284869,5,2022-08-13
3,284907,5,2022-08-13
7,284907,5,2022-08-11
11,284907,5,2022-08-14
14,284907,5,2022-08-17
23,284907,5,2022-08-12
35,284907,5,2022-08-12
45,284907,5,2022-08-18
16,284909,5,2022-08-12
7,284916,5,2022-08-17
42,284916,5,2022-09-06
5,284923,5,2022-08-17
11,284923,5,2022-08-17
14,284923,5,2022-08-17
23,284923,5,2022-08-16
27,284923,5,2022-08-17
30,284923,5,2022-08-17
32,284923,5,2022-08-17
49,284923,5,2022-08-17
52,284923,5,2022-08-17
53,284923,5,2022-08-17
55,284923,5,2022-08-17
7,284997,5,2022-09-10
7,285000,5,2022-08-11
23,285016,5,2022-08-14
7,285037,5,2022-08-14
11,285053,5,2022-08-17
4,285081,5,2022-08-18
26,285081,5,2022-08-18
23,285155,4,2022-08-13
37,285155,4,2022-08-17
39,285155,4,2022-08-16
15,285191,5,2022-08-22
3,285203,5,2022-08-15
7,285241,4,2022-08-16
11,285244,4,2022-08-15
7,285276,5,2022-08-14
23,285296,5,2022-09-08
2,285352,5,2022-09-26
7,285352,5,2022-08-18
14,285352,5,2022-10-01
16,285352,5,2022-10-20
20,285352,5,2022-08-25
21,285352,5,2022-09-04
22,285352,5,2022-08-25
23,285352,5,2022-08-27
24,285352,5,2022-09-20
26,285352,5,2022-10-15
35,285352,5,2022-10-17
42,285352,5,2022-08-20
29,285387,5,2022-08-16
53,285387,5,2022-08-17
13,285397,5,2022-09-05
21,285397,5,2022-09-07
23,285397,5,2022-08-21
7,285406,4,2022-08-31
23,285406,5,2022-09-01
3,285411,4,2022-09-10
7,285411,5,2022-08-15
11,285411,3,2022-09-21
21,285411,3,2022-09-08
23,285411,5,2022-08-16
25,285411,4,2022-09-30
35,285411,3,2022-09-06
43,285411,4,2022-09-26
13,285413,5,2022-08-17
16,285413,5,2022-08-16
42,285414,5,2022-08-14
14,285452,5,2022-08-17
14,285488,5,2022-08-16
7,285489,5,2022-08-17
36,285489,2,2022-08-15
21,285501,4,2022-08-17
7,285509,5,2022-08-17
35,285515,5,2022-08-15
7,285521,5,2022-08-17
15,285540,5,2022-08-15
7,285545,5,2022-08-15
20,285553,5,2022-08-15
30,285583,5,2022-08-15
13,285592,5,2022-08-17
23,285630,5,2022-08-16
21,285633,5,2022-08-15
24,285633,5,2022-08-15
52,285633,5,2022-08-15
28,285636,5,2022-08-17
20,285642,5,2022-08-17
37,285642,5,2022-08-16
52,285642,5,2022-08-17
54,285642,5,2022-08-17
55,285642,5,2022-08-17
13,285643,5,2022-08-17
13,285645,5,2022-08-15
21,285651,4,2022-08-16
13,285652,5,2022-08-17
23,285652,5,2022-08-15
39,285652,5,2022-08-17
39,285679,5,2022-08-16
7,285683,5,2022-08-18
21,285686,5,2022-08-16
22,285686,5,2022-08-15
25,285686,5,2022-08-15
21,285727,5,2022-08-17
12,285738,5,2022-08-15
37,285776,5,2022-10-18
14,285782,5,2022-08-16
14,285792,5,2022-08-18
14,285803,5,2022-08-18
13,285816,5,2022-08-17
21,285816,5,2022-08-17
23,285816,4,2022-08-15
7,285823,5,2022-08-16
42,285823,5,2022-08-16
23,285825,5,2022-08-15
16,285885,5,2022-08-17
14,285899,5,2022-09-04
21,285899,5,2022-08-16
23,285899,5,2022-08-15
13,285901,5,2022-08-15
21,285901,5,2022-08-17
3,285902,4,2022-08-15
49,285902,4,2022-08-18
14,285914,5,2022-08-24
13,285931,5,2022-08-15
23,285942,4,2022-08-16
13,285994,5,2022-08-15
2,286007,5,2022-08-17
45,286012,3,2022-08-16
13,286014,5,2022-08-16
39,286014,5,2022-08-17
23,286031,5,2022-08-18
42,286061,5,2022-08-15
28,286063,5,2022-08-17
7,286078,5,2022-08-17
21,286087,5,2022-08-17
13,286090,5,2022-08-17
45,286090,5,2022-08-15
39,286101,5,2022-08-16
42,286111,5,2022-08-17
2,286113,5,2022-08-16
7,286113,5,2022-08-17
28,286114,5,2022-08-16
23,286115,5,2022-08-15
21,286130,5,2022-08-18
23,286131,5,2022-08-16
16,286151,5,2022-08-15
20,286151,5,2022-08-15
29,286151,4,2022-08-15
35,286151,5,2022-08-15
37,286151,5,2022-08-15
13,286173,5,2022-08-16
13,286174,4,2022-08-17
7,286175,5,2022-08-28
7,286178,5,2022-08-18
23,286178,5,2022-08-15
30,286178,5,2022-08-16
7,286203,4,2022-08-16
23,286203,5,2022-08-18
23,286218,4,2022-08-31
28,286218,4,2022-08-16
23,286240,4,2022-08-19
13,286252,5,2022-08-16
13,286263,5,2022-08-17
13,286265,5,2022-08-16
7,286271,5,2022-08-16
23,286271,2,2022-08-17
26,286308,2,2022-08-16
53,286309,5,2022-08-16
7,286324,5,2022-08-16
23,286324,5,2022-08-16
7,286358,5,2022-08-16
23,286358,5,2022-08-17
14,286367,5,2022-08-17
23,286380,4,2022-08-16
21,286396,5,2022-08-16
45,286396,5,2022-08-16
23,286399,5,2022-08-17
21,286406,5,2022-08-16
39,286415,5,2022-08-17
3,286440,5,2022-08-18
7,286440,5,2022-08-16
21,286440,5,2022-08-18
22,286440,5,2022-08-18
23,286440,5,2022-08-17
24,286440,5,2022-08-18
35,286440,5,2022-08-17
36,286440,5,2022-08-16
39,286440,5,2022-08-17
50,286458,5,2022-08-17
23,286466,5,2022-08-22
28,286466,5,2022-08-23
3,286475,5,2022-08-17
7,286475,5,2022-08-16
14,286475,5,2022-08-18
19,286475,5,2022-08-19
21,286475,5,2022-08-17
23,286487,4,2022-08-16
35,286487,5,2022-08-21
23,286488,5,2022-08-17
5,286507,5,2022-08-17
7,286527,4,2022-08-19
21,286529,5,2022-08-24
21,286540,5,2022-09-02
55,286563,5,2022-09-04
42,286570,5,2022-08-19
26,286573,5,2022-08-18
7,286585,5,2022-08-17
30,286591,5,2022-08-18
37,286598,5,2022-08-18
27,286606,2,2022-09-19
46,286607,5,2022-08-17
30,286608,5,2022-08-16
13,286609,4,2022-08-16
13,286642,5,2022-08-16
16,286642,5,2022-08-16
30,286642,5,2022-08-17
36,286642,4,2022-08-17
37,286642,5,2022-08-17
50,286642,5,2022-08-17
52,286642,4,2022-08-17
53,286642,4,2022-08-17
55,286642,4,2022-08-17
13,286653,5,2022-08-17
23,286674,5,2022-08-23
7,286675,5,2022-08-18
30,286675,5,2022-08-17
15,286704,5,2022-08-17
7,286708,5,2022-08-17
35,286717,4,2022-09-04
23,286723,4,2022-09-29
7,286730,5,2022-08-17
42,286730,5,2022-08-17
33,286735,5,2022-08-17
42,286753,5,2022-08-18
21,286799,4,2022-10-01
39,286806,5,2022-08-17
35,286807,5,2022-08-17
42,286819,5,2022-08-18
22,286824,5,2022-08-19
49,286824,5,2022-08-20
14,286826,5,2022-08-30
16,286826,5,2022-09-27
21,286826,5,2022-09-19
24,286826,5,2022-09-19
37,286834,5,2022-09-30
2,286849,4,2022-08-17
23,286850,5,2022-08-17
42,286850,5,2022-08-17
11,286853,5,2022-08-18
41,286860,5,2022-08-17
7,286865,5,2022-08-26
7,286877,5,2022-08-17
7,286880,5,2022-08-17
2,286883,5,2022-08-17
14,286884,5,2022-08-20
19,286887,5,2022-08-17
7,286936,5,2022-08-21
13,286945,5,2022-08-17
19,286959,5,2022-08-18
7,287043,4,2022-08-25
42,287104,4,2022-09-14
7,287118,5,2022-09-01
42,287137,5,2022-08-26
7,287143,5,2022-08-19
14,287143,5,2022-09-06
16,287143,5,2022-09-15
21,287143,5,2022-08-23
22,287143,5,2022-09-26
23,287143,3,2022-08-22
24,287143,4,2022-09-09
37,287143,5,2022-09-28
7,287214,5,2022-08-20
11,287214,3,2022-08-23
20,287214,5,2022-08-21
7,287238,5,2022-08-24
7,287287,5,2022-08-19
7,287330,5,2022-08-24
11,287330,5,2022-09-08
23,287330,5,2022-09-13
39,287330,5,2022-09-16
42,287330,5,2022-08-24
15,287331,5,2022-09-05
21,287331,5,2022-08-23
7,287334,5,2022-08-23
23,287334,5,2022-08-26
42,287347,5,2022-08-20
21,287373,5,2022-09-20
29,287420,5,2022-08-20
16,287436,5,2022-09-03
21,287436,5,2022-08-28
7,287473,5,2022-09-18
21,287473,5,2022-10-06
7,287482,5,2022-08-21
7,287490,5,2022-09-03
16,287490,5,2022-09-20
21,287490,5,2022-09-21
22,287490,5,2022-10-04
35,287490,4,2022-10-20
35,287504,5,2022-08-21
7,287527,5,2022-08-24
23,287537,5,2022-08-22
7,287548,5,2022-08-22
7,287579,5,2022-08-22
7,287632,5,2022-08-29
21,287632,5,2022-09-03
7,287633,5,2022-08-22
7,287636,5,2022-10-04
23,287660,5,2022-08-24
7,287688,4,2022-08-24
28,287711,5,2022-08-23
7,287737,4,2022-09-21
21,287737,5,2022-10-16
46,287737,5,2022-10-19
7,287825,5,2022-08-24
21,287825,5,2022-08-26
43,287874,5,2022-08-25
7,287926,5,2022-08-24
33,287975,5,2022-09-26
7,287981,5,2022-08-26
27,287993,5,2022-08-25
7,288003,5,2022-09-13
7,288021,5,2022-10-10
7,288029,5,2022-08-25
2,288071,4,2022-09-23
23,288088,5,2022-10-02
21,288098,5,2022-10-20
7,288136,4,2022-08-29
7,288227,5,2022-08-27
7,288236,5,2022-10-15
7,288269,5,2022-08-29
13,288269,5,2022-09-24
21,288269,5,2022-10-08
28,288269,5,2022-09-12
46,288269,5,2022-09-06
7,288315,5,2022-08-27
7,288333,5,2022-08-27
7,288345,5,2022-08-28
14,288345,5,2022-10-18
16,288345,5,2022-10-03
20,288345,5,2022-09-02
21,288345,5,2022-09-19
24,288345,5,2022-09-28
25,288345,5,2022-10-15
30,288345,5,2022-09-18
32,288345,5,2022-10-13
34,288345,5,2022-10-06
37,288345,5,2022-10-09
30,288376,5,2022-08-28
7,288385,5,2022-08-28
43,288392,5,2022-08-29
42,288426,4,2022-08-29
21,288445,5,2022-09-18
4,288514,5,2022-08-30
42,288579,5,2022-09-07
46,288579,5,2022-09-14
7,288597,5,2022-08-31
7,288609,5,2022-09-03
21,288637,4,2022-09-04
7,288645,5,2022-08-31
7,288660,5,2022-09-02
7,288663,5,2022-09-06
7,288691,5,2022-10-03
42,288691,5,2022-10-04
46,288691,5,2022-10-19
20,288702,5,2022-08-30
7,288719,5,2022-10-18
42,288719,4,2022-10-19
23,288771,3,2022-09-10
21,288773,4,2022-08-31
22,288773,4,2022-09-03
14,288793,5,2022-09-17
23,288793,5,2022-09-16
21,288809,5,2022-09-17
24,288809,5,2022-09-24
7,288877,4,2022-09-07
7,288903,5,2022-09-03
30,288906,5,2022-09-22
23,288909,5,2022-10-11
11,288923,1,2022-10-18
21,288923,4,2022-09-08
7,288929,5,2022-09-02
7,288961,5,2022-09-01
7,289007,5,2022-09-15
2,289019,5,2022-09-16
7,289024,5,2022-09-14
23,289024,5,2022-10-18
42,289024,5,2022-09-15
46,289024,5,2022-09-29
42,289036,5,2022-09-01
7,289047,5,2022-09-11
20,289047,5,2022-09-14
35,289047,5,2022-09-04
15,289069,3,2022-09-02
21,289094,5,2022-09-03
42,289094,5,2022-09-02
21,289118,5,2022-09-07
35,289194,5,2022-09-17
7,289200,4,2022-09-03
7,289210,5,2022-09-02
42,289232,5,2022-09-10
7,289255,5,2022-09-03
2,289270,4,2022-09-28
12,289270,4,2022-10-16
13,289270,5,2022-09-25
34,289270,4,2022-09-22
4,289285,5,2022-09-23
7,289287,5,2022-09-04
7,289329,5,2022-09-07
42,289329,5,2022-10-13
21,289432,5,2022-09-17
7,289530,5,2022-09-06
7,289561,5,2022-09-07
7,289567,5,2022-09-08
23,289630,5,2022-10-14
7,289643,5,2022-09-16
23,289643,5,2022-09-09
7,289655,5,2022-09-11
23,289655,5,2022-09-13
35,289723,4,2022-09-14
7,289802,5,2022-09-11
13,289802,5,2022-09-25
23,289802,5,2022-09-20
39,289802,5,2022-10-02
42,289802,5,2022-09-11
7,289805,5,2022-09-18
20,289805,5,2022-09-17
21,289805,5,2022-09-25
7,289812,5,2022-09-11
7,289886,5,2022-09-09
7,289891,5,2022-09-10
7,289902,5,2022-09-08
24,289904,4,2022-09-08
7,289910,5,2022-09-18
13,289910,5,2022-09-24
23,289910,5,2022-09-18
28,289910,5,2022-09-26
46,289910,5,2022-09-09
7,289985,5,2022-09-10
16,289985,5,2022-09-10
23,289985,4,2022-09-20
7,290003,5,2022-09-09
7,290082,5,2022-09-10
7,290111,5,2022-09-10
23,290163,5,2022-09-11
23,290197,4,2022-09-13
7,290226,3,2022-09-19
42,290226,4,2022-09-19
23,290242,5,2022-09-28
7,290264,5,2022-10-12
35,290281,5,2022-09-11
7,290342,5,2022-09-13
7,290350,5,2022-09-12
7,290353,5,2022-10-02
23,290353,5,2022-09-27
42,290353,5,2022-10-08
42,290381,5,2022-09-12
42,290416,5,2022-09-12
14,290444,4,2022-10-18
14,290458,5,2022-09-27
7,290465,5,2022-09-29
22,290465,5,2022-10-15
25,290465,5,2022-10-16
23,290469,5,2022-10-16
7,290487,5,2022-09-13
13,290487,5,2022-10-10
42,290487,3,2022-09-17
7,290558,5,2022-09-15
7,290590,5,2022-09-14
16,290758,5,2022-09-18
15,290763,5,2022-09-15
7,290773,5,2022-09-16
7,290815,4,2022-09-16
7,290843,5,2022-09-19
23,290843,4,2022-10-06
42,290854,5,2022-09-19
7,290884,5,2022-10-01
14,290945,5,2022-09-16
7,290957,5,2022-09-21
7,290970,5,2022-09-17
15,290983,3,2022-09-17
7,290988,5,2022-09-19
29,290988,5,2022-10-05
42,290988,5,2022-09-20
7,290989,5,2022-09-26
42,290989,5,2022-09-28
16,291002,5,2022-09-17
21,291057,5,2022-09-20
16,291061,5,2022-10-18
21,291061,5,2022-10-13
24,291061,5,2022-10-17
7,291116,5,2022-09-18
13,291116,5,2022-10-01
23,291116,5,2022-09-28
39,291116,5,2022-10-04
42,291116,5,2022-09-20
46,291116,5,2022-09-26
11,291122,5,2022-09-18
16,291126,5,2022-09-18
14,291146,3,2022-09-18
20,291165,5,2022-09-19
23,291165,5,2022-09-20
7,291220,5,2022-09-23
7,291250,5,2022-09-20
23,291250,5,2022-10-07
7,291264,5,2022-09-27
35,291264,5,2022-10-18
27,291321,5,2022-09-26
7,291347,5,2022-09-20
12,291347,5,2022-09-27
7,291381,5,2022-09-20
7,291401,3,2022-09-26
42,291401,2,2022-09-26
7,291425,5,2022-09-29
21,291425,5,2022-10-08
23,291425,5,2022-10-06
26,291445,5,2022-09-20
7,291452,5,2022-09-20
13,291452,5,2022-09-21
23,291452,5,2022-09-20
39,291452,5,2022-09-21
7,291463,5,2022-09-21
7,291487,5,2022-09-23
21,291487,5,2022-10-01
21,291528,5,2022-09-21
7,291566,4,2022-10-06
28,291567,3,2022-10-01
7,291576,5,2022-09-29
14,291576,5,2022-09-28
20,291576,5,2022-09-30
21,291577,4,2022-10-09
23,291577,4,2022-09-23
23,291582,5,2022-09-21
14,291586,5,2022-09-21
7,291606,5,2022-09-30
23,291611,4,2022-09-22
7,291626,5,2022-09-24
14,291626,5,2022-09-25
25,291626,5,2022-10-01
26,291626,5,2022-09-29
28,291626,5,2022-10-01
35,291626,5,2022-09-30
28,291637,5,2022-10-18
7,291706,5,2022-09-27
28,291713,4,2022-09-23
7,291730,5,2022-09-26
7,291743,5,2022-10-01
7,291744,5,2022-10-11
30,291744,5,2022-10-16
42,291744,5,2022-10-10
7,291769,5,2022-09-24
23,291769,5,2022-10-14
39,291769,5,2022-10-19
42,291769,3,2022-09-29
46,291769,5,2022-10-06
4,291789,5,2022-09-29
7,291789,5,2022-09-23
14,291789,5,2022-09-26
16,291789,5,2022-09-25
21,291789,5,2022-09-24
24,291789,5,2022-09-25
32,291789,5,2022-09-27
42,291789,5,2022-10-11
46,291789,5,2022-10-07
23,291841,5,2022-09-23
42,291873,5,2022-09-30
7,291945,5,2022-09-24
23,291945,5,2022-10-20
42,291945,5,2022-10-17
46,291945,5,2022-10-15
7,291949,5,2022-09-25
21,291949,5,2022-09-27
7,291976,4,2022-10-01
7,291998,5,2022-10-13
7,292033,5,2022-10-19
20,292033,5,2022-09-25
35,292033,5,2022-09-26
23,292057,5,2022-09-28
7,292113,5,2022-10-01
7,292114,5,2022-10-03
7,292129,5,2022-09-28
42,292139,5,2022-10-06
7,292151,5,2022-09-30
11,292151,5,2022-10-06
13,292151,5,2022-10-04
14,292151,5,2022-10-13
20,292151,5,2022-10-05
23,292151,5,2022-10-02
35,292151,5,2022-10-05
39,292151,5,2022-10-03
42,292151,5,2022-10-19
46,292151,5,2022-10-08
42,292385,5,2022-10-06
21,292406,5,2022-09-29
37,292406,5,2022-10-17
53,292406,5,2022-10-13
7,292411,5,2022-09-28
42,292423,5,2022-10-03
37,292429,5,2022-09-28
7,292435,5,2022-09-30
46,292436,5,2022-10-14
7,292440,5,2022-09-29
7,292463,5,2022-10-04
21,292486,5,2022-10-06
16,292491,5,2022-09-29
24,292491,2,2022-10-20
16,292496,5,2022-10-18
20,292496,5,2022-10-11
7,292498,4,2022-10-02
33,292514,5,2022-09-29
23,292528,5,2022-10-01
7,292531,4,2022-10-03
35,292536,5,2022-09-29
7,292572,5,2022-09-30
14,292572,5,2022-10-16
21,292572,5,2022-10-06
23,292572,5,2022-10-02
42,292574,5,2022-10-15
7,292578,3,2022-10-18
7,292585,5,2022-10-02
21,292585,5,2022-10-19
7,292589,3,2022-10-08
7,292595,4,2022-10-03
24,292596,3,2022-10-15
7,292601,5,2022-10-04
42,292601,5,2022-10-06
7,292611,5,2022-10-02
21,292611,4,2022-10-18
7,292620,5,2022-10-05
7,292625,4,2022-10-10
22,292625,5,2022-10-01
23,292632,5,2022-10-11
42,292632,5,2022-10-11
7,292640,5,2022-10-03
20,292640,5,2022-10-04
22,292640,5,2022-10-05
7,292650,5,2022-10-02
21,292650,5,2022-10-11
42,292650,4,2022-10-03
16,292671,5,2022-09-30
7,292714,5,2022-09-30
25,292784,5,2022-10-01
7,292815,5,2022-10-07
21,292815,5,2022-10-15
23,292815,5,2022-10-17
35,292815,5,2022-10-12
42,292815,5,2022-10-14
16,292818,4,2022-10-16
7,292862,5,2022-10-02
42,292862,5,2022-10-12
46,292862,5,2022-10-14
7,292898,5,2022-10-03
16,292924,5,2022-10-12
7,292931,5,2022-10-11
48,292932,4,2022-10-02
21,292951,5,2022-10-03
7,292967,4,2022-10-04
16,292967,4,2022-10-14
23,292967,4,2022-10-02
7,293002,5,2022-10-05
46,293002,5,2022-10-12
7,293005,5,2022-10-04
7,293013,5,2022-10-17
7,293019,5,2022-10-03
15,293020,5,2022-10-08
7,293021,5,2022-10-14
23,293053,5,2022-10-04
14,293064,5,2022-10-07
7,293067,5,2022-10-09
23,293074,5,2022-10-13
3,293083,5,2022-10-18
7,293083,5,2022-10-03
12,293083,5,2022-10-19
13,293083,5,2022-10-12
21,293083,5,2022-10-07
23,293083,5,2022-10-12
24,293083,5,2022-10-10
39,293083,5,2022-10-17
42,293083,5,2022-10-11
46,293083,5,2022-10-13
16,293088,5,2022-10-04
35,293107,5,2022-10-03
23,293119,5,2022-10-03
21,293126,5,2022-10-03
7,293185,5,2022-10-10
14,293207,5,2022-10-04
7,293214,5,2022-10-04
21,293214,5,2022-10-06
37,293215,5,2022-10-09
20,293274,5,2022-10-07
7,293298,5,2022-10-04
7,293303,5,2022-10-14
23,293303,5,2022-10-14
7,293311,5,2022-10-06
4,293324,5,2022-10-13
7,293324,5,2022-10-13
23,293324,5,2022-10-18
42,293324,5,2022-10-13
35,293335,5,2022-10-05
23,293346,5,2022-10-05
7,293365,5,2022-10-06
7,293418,5,2022-10-07
35,293425,5,2022-10-05
7,293458,5,2022-10-10
7,293461,5,2022-10-07
16,293490,5,2022-10-06
14,293491,5,2022-10-17
7,293494,5,2022-10-06
7,293530,5,2022-10-06
7,293539,5,2022-10-18
23,293539,4,2022-10-18
7,293543,5,2022-10-20
4,293564,4,2022-10-20
21,293564,5,2022-10-13
46,293564,4,2022-10-18
28,293575,5,2022-10-06
7,293592,5,2022-10-07
20,293592,5,2022-10-19
4,293602,5,2022-10-07
7,293626,5,2022-10-07
7,293639,5,2022-10-07
7,293646,5,2022-10-07
2,293713,5,2022-10-18
7,293713,5,2022-10-08
26,293713,5,2022-10-20
33,293713,5,2022-10-14
42,293713,4,2022-10-08
16,293751,4,2022-10-08
7,293758,5,2022-10-08
21,293765,5,2022-10-17
23,293766,5,2022-10-10
16,293780,5,2022-10-08
23,293858,5,2022-10-17
7,293879,5,2022-10-11
42,293879,5,2022-10-11
7,293887,5,2022-10-09
23,293892,5,2022-10-16
21,293951,5,2022-10-13
16,293962,5,2022-10-17
21,293962,5,2022-10-11
22,293962,5,2022-10-17
7,293965,5,2022-10-10
42,293965,5,2022-10-12
46,293965,5,2022-10-19
42,293975,5,2022-10-10
21,294006,5,2022-10-19
16,294020,5,2022-10-14
7,294101,5,2022-10-12
7,294111,5,2022-10-13
14,294113,5,2022-10-10
23,294185,5,2022-10-11
11,294193,4,2022-10-19
7,294219,5,2022-10-13
7,294229,5,2022-10-18
7,294273,5,2022-10-14
42,294273,4,2022-10-15
46,294273,4,2022-10-20
7,294286,5,2022-10-11
23,294286,5,2022-10-13
7,294338,5,2022-10-12
21,294338,5,2022-10-20
42,294338,5,2022-10-14
7,294412,5,2022-10-12
7,294429,5,2022-10-13
7,294466,5,2022-10-16
7,294575,5,2022-10-13
23,294592,5,2022-10-15
21,294608,5,2022-10-13
21,294629,5,2022-10-18
53,294629,5,2022-10-15
7,294633,5,2022-10-14
42,294639,5,2022-10-16
42,294674,5,2022-10-19
7,294682,5,2022-10-14
7,294715,5,2022-10-15
14,294783,4,2022-10-16
23,294792,4,2022-10-16
7,294807,5,2022-10-19
16,294807,5,2022-10-15
35,294807,5,2022-10-20
23,294812,5,2022-10-19
11,294821,5,2022-10-15
16,294822,5,2022-10-15
7,294845,4,2022-10-15
26,294860,5,2022-10-15
53,294932,3,2022-10-16
7,294948,5,2022-10-17
7,294949,5,2022-10-19
20,294949,5,2022-10-19
42,295001,5,2022-10-17
16,295010,5,2022-10-18
16,295030,4,2022-10-17
35,295060,5,2022-10-18
13,295078,5,2022-10-17
36,295088,5,2022-10-19
4,295114,5,2022-10-19
13,295114,5,2022-10-18
14,295114,5,2022-10-20
26,295114,5,2022-10-19
39,295114,5,2022-10-18
16,295127,4,2022-10-18
4,295177,5,2022-10-18
7,295177,5,2022-10-18
11,295177,5,2022-10-18
14,295177,5,2022-10-18
20,295177,5,2022-10-18
21,295177,5,2022-10-18
22,295177,5,2022-10-18
23,295177,5,2022-10-18
26,295177,5,2022-10-18
30,295177,5,2022-10-18
32,295177,5,2022-10-18
35,295177,5,2022-10-19
45,295177,5,2022-10-18
21,295217,5,2022-10-19
7,295241,5,2022-10-20
4,295250,5,2022-10-20
14,295250,5,2022-10-20
23,295250,5,2022-10-20
42,295250,5,2022-10-20
7,295256,5,2022-10-19
21,295256,5,2022-10-20
7,295262,5,2022-10-19
26,295300,4,2022-10-19
7,295322,5,2022-10-19
7,295335,5,2022-10-19
13,295337,4,2022-10-19
28,295337,5,2022-10-19
7,295363,5,2022-10-19
11,295363,5,2022-10-20
42,295427,5,2022-10-20
23,295466,5,2022-10-20
