quiz_id,question_id,answer_id,answer_correct
1,1,1,n
1,1,2,y
1,1,3,n
1,1,4,n
2,2,5,n
2,2,6,y
2,2,7,n
2,2,8,n
3,3,9,n
3,3,10,n
3,3,11,y
3,3,12,n
4,4,13,n
4,4,14,y
4,4,15,n
4,4,16,n
5,5,17,n
5,5,18,y
5,5,19,n
5,5,20,n
6,6,21,n
6,6,22,n
6,6,23,y
6,6,24,n
7,7,25,n
7,7,26,n
7,7,27,y
7,7,28,n
8,8,29,n
8,8,30,n
8,8,31,y
8,8,32,n
9,9,33,n
9,9,34,n
9,9,35,n
9,9,36,y
10,10,37,n
10,10,38,y
10,10,39,n
10,10,40,n
11,11,41,y
11,11,42,n
11,11,43,n
11,11,44,n
12,12,45,n
12,12,46,n
12,12,47,y
12,12,48,n
13,13,49,n
13,13,50,n
13,13,51,y
13,13,52,n
14,14,53,n
14,14,54,n
14,14,55,n
14,14,56,y
15,15,57,n
15,15,58,y
15,15,59,n
15,15,60,n
16,16,61,n
16,16,62,n
16,16,63,n
16,16,64,y
17,17,65,n
17,17,66,n
17,17,67,n
17,17,68,y
18,18,69,n
18,18,70,n
18,18,71,y
18,18,72,n
19,19,73,y
19,19,74,n
19,19,75,n
19,19,76,n
20,20,77,n
20,20,78,y
20,20,79,n
20,20,80,n
21,21,81,n
21,21,82,n
21,21,83,n
21,21,84,y
22,22,85,n
22,22,86,y
22,22,87,n
22,22,88,n
22,23,89,n
22,23,90,n
22,23,91,y
22,23,92,n
23,24,93,n
23,24,94,n
23,24,95,y
23,24,96,n
24,25,97,n
24,25,98,n
24,25,99,y
24,25,100,n
24,26,101,y
24,26,102,n
24,26,103,n
24,26,104,n
25,27,105,n
25,27,106,n
25,27,107,n
25,27,108,y
25,28,109,n
25,28,110,n
25,28,111,n
25,28,112,n
25,28,113,y
25,29,114,n
25,29,115,y
25,29,116,n
25,29,117,n
26,30,118,n
26,30,119,y
26,30,120,n
26,30,121,n
26,31,122,n
26,31,123,n
26,31,124,y
26,31,125,n
26,32,126,n
26,32,127,n
26,32,128,y
26,32,129,n
26,33,130,n
26,33,131,n
26,33,132,n
26,33,133,y
26,34,134,n
26,34,135,n
26,34,136,n
26,34,137,y
27,35,138,n
27,35,139,y
27,35,140,n
27,35,141,n
27,36,142,n
27,36,143,n
27,36,144,y
27,36,145,n
28,37,146,y
28,37,147,n
28,37,148,n
28,37,149,n
28,38,150,n
28,38,151,n
28,38,152,n
28,38,153,y
29,39,154,n
29,39,155,y
29,39,156,n
29,39,157,n
29,40,158,n
29,40,159,n
29,40,160,n
29,40,161,n
29,40,162,n
29,40,163,n
29,40,164,n
29,40,165,y
30,41,166,y
30,41,167,n
30,41,168,n
30,41,169,n
30,42,170,n
30,42,171,n
30,42,172,n
30,42,173,n
30,42,174,y
30,42,175,n
30,43,176,n
30,43,177,y
30,43,178,n
30,43,179,n
31,44,180,n
31,44,181,n
31,44,182,y
31,44,183,n
32,45,184,y
32,45,185,n
32,45,186,n
32,45,187,n
33,46,188,n
33,46,189,y
33,46,190,n
33,46,191,n
33,47,192,n
33,47,193,n
33,47,194,y
33,47,195,n
33,48,196,n
33,48,197,n
33,48,198,n
33,48,199,y
33,49,200,y
33,49,201,n
33,49,202,n
33,49,203,n
33,50,204,n
33,50,205,n
33,50,206,n
33,50,207,y
34,51,208,n
34,51,209,n
34,51,210,y
34,51,211,n
34,52,212,n
34,52,213,n
34,52,214,n
34,52,215,y
34,53,216,y
34,53,217,n
34,53,218,n
34,53,219,n
34,54,220,n
34,54,221,n
34,54,222,y
34,54,223,n
35,55,224,n
35,55,225,y
35,55,226,n
35,55,227,n
36,56,228,y
36,56,229,n
36,56,230,n
36,56,231,n
36,57,232,n
36,57,233,y
36,57,234,n
36,57,235,n
37,58,236,n
37,58,237,n
37,58,238,n
37,58,239,y
37,59,240,n
37,59,241,n
37,59,242,y
37,59,243,n
37,60,244,n
37,60,245,y
37,60,246,n
37,60,247,n
37,61,248,y
37,61,249,n
37,61,250,n
37,61,251,n
37,62,252,n
37,62,253,y
37,62,254,n
37,62,255,n
37,62,256,n
37,63,257,y
37,63,258,n
37,63,259,n
37,63,260,n
38,64,261,n
38,64,262,n
38,64,263,y
38,64,264,n
39,65,265,n
39,65,266,n
39,65,267,y
39,65,268,n
40,66,269,n
40,66,270,n
40,66,271,y
40,66,272,n
40,67,273,y
40,67,274,n
40,67,275,n
40,67,276,n
40,68,277,n
40,68,278,n
40,68,279,n
40,68,280,y
41,69,281,n
41,69,282,y
41,69,283,n
41,69,284,n
41,69,285,n
41,70,286,y
41,70,287,n
41,70,288,n
41,70,289,n
42,71,290,n
42,71,291,n
42,71,292,y
42,71,293,n
43,72,294,y
43,72,295,n
43,72,296,n
43,72,297,n
44,73,298,n
44,73,299,n
44,73,300,n
44,73,301,n
44,73,302,y
45,74,303,n
45,74,304,n
45,74,305,n
45,74,306,n
45,74,307,y
46,75,308,n
46,75,309,y
46,75,310,n
46,75,311,n
47,76,312,n
47,76,313,y
47,76,314,n
47,76,315,n
48,77,316,n
48,77,317,y
48,77,318,n
48,77,319,n
48,78,320,n
48,78,321,y
48,78,322,n
48,78,323,n
48,79,324,y
48,79,325,n
48,79,326,n
48,79,327,n
48,80,328,y
48,80,329,n
48,80,330,n
48,80,331,n
48,81,332,n
48,81,333,n
48,81,334,n
48,81,335,y
49,82,336,n
49,82,337,n
49,82,338,y
49,82,339,n
49,83,340,y
49,83,341,n
49,83,342,n
49,83,343,n
49,84,344,n
49,84,345,y
49,84,346,n
49,84,347,n
49,85,348,n
49,85,349,y
49,85,350,n
49,85,351,n
50,86,352,n
50,86,353,y
50,86,354,n
50,86,355,n
51,87,356,n
51,87,357,n
51,87,358,n
51,87,359,y
77,88,360,n
77,88,361,n
77,88,362,y
77,88,363,n
77,89,364,n
77,89,365,y
77,89,366,n
77,89,367,n
78,90,368,y
78,90,369,n
78,90,370,n
78,90,371,n
79,91,372,n
79,91,373,n
79,91,374,n
79,91,375,y
79,92,376,y
79,92,377,n
79,92,378,n
79,92,379,n
79,93,380,n
79,93,381,y
79,93,382,n
79,93,383,n
80,94,384,n
80,94,385,n
80,94,386,y
80,94,387,n
80,95,388,n
80,95,389,n
80,95,390,n
80,95,391,y
81,96,392,n
81,96,393,n
81,96,394,n
81,96,395,y
81,97,396,n
81,97,397,n
81,97,398,n
81,97,399,y
81,98,400,n
81,98,401,n
81,98,402,n
81,98,403,y
82,99,404,n
82,99,405,y
82,99,406,n
82,99,407,n
82,100,408,n
82,100,409,n
82,100,410,n
82,100,411,y
83,101,412,n
83,101,413,n
83,101,414,n
83,101,415,y
84,102,416,n
84,102,417,n
84,102,418,y
84,102,419,n
84,103,420,y
84,103,421,n
84,103,422,n
84,103,423,n
85,104,424,y
85,104,425,n
85,104,426,n
85,104,427,n
86,105,428,n
86,105,429,n
86,105,430,y
86,105,431,n
87,106,432,n
87,106,433,y
87,106,434,n
87,106,435,n
88,107,436,n
88,107,437,n
88,107,438,n
88,107,439,y
89,108,440,n
89,108,441,n
89,108,442,y
89,108,443,n
90,109,444,y
90,109,445,n
90,109,446,n
90,109,447,n
91,110,448,n
91,110,449,y
91,110,450,n
91,110,451,n
91,111,452,n
91,111,453,n
91,111,454,n
91,111,455,y
91,112,456,n
91,112,457,n
91,112,458,n
91,112,459,y
92,113,460,n
92,113,461,y
92,113,462,n
92,113,463,n
92,114,464,n
92,114,465,n
92,114,466,n
92,114,467,y
92,115,468,n
92,115,469,n
92,115,470,n
92,115,471,y
93,116,472,n
93,116,473,n
93,116,474,y
93,116,475,n
93,117,476,n
93,117,477,y
93,117,478,n
93,117,479,n
94,118,480,n
94,118,481,n
94,118,482,n
94,118,483,y
94,119,484,n
94,119,485,y
94,119,486,n
94,119,487,n
95,120,488,y
95,120,489,n
95,120,490,n
95,120,491,n
95,121,492,n
95,121,493,n
95,121,494,y
95,121,495,n
95,122,496,n
95,122,497,y
95,122,498,n
95,122,499,n
96,123,500,n
96,123,501,n
96,123,502,y
96,123,503,n
97,124,504,n
97,124,505,n
97,124,506,y
97,124,507,n
98,125,508,y
98,125,509,n
98,125,510,n
98,125,511,n
98,126,512,n
98,126,513,n
98,126,514,y
98,126,515,n
99,127,516,n
99,127,517,n
99,127,518,n
99,127,519,y
99,128,520,y
99,128,521,n
99,128,522,n
99,128,523,n
99,129,524,n
99,129,525,y
99,129,526,n
99,129,527,n
100,130,528,y
100,130,529,n
100,130,530,n
100,130,531,n
101,131,532,n
101,131,533,y
101,131,534,n
101,131,535,n
102,132,536,n
102,132,537,n
102,132,538,y
102,132,539,n
102,133,540,y
102,133,541,n
102,133,542,n
102,133,543,n
102,134,544,n
102,134,545,n
102,134,546,n
102,134,547,y
103,135,548,n
103,135,549,n
103,135,550,y
103,135,551,n
103,136,552,n
103,136,553,n
103,136,554,y
103,136,555,n
104,137,556,y
104,137,557,n
105,138,558,n
105,138,559,y
105,139,560,y
105,139,561,n
106,140,562,n
106,140,563,n
106,140,564,y
106,140,565,n
106,141,566,n
106,141,567,n
106,141,568,y
106,141,569,n
107,142,570,y
107,142,571,n
107,142,572,n
107,142,573,n
108,143,574,n
108,143,575,y
108,143,576,n
108,143,577,n
108,144,578,y
108,144,579,n
108,144,580,n
108,144,581,n
108,145,582,n
108,145,583,n
108,145,584,n
108,145,585,y
109,146,586,y
109,146,587,n
109,146,588,n
110,147,589,y
110,147,590,n
110,147,591,n
110,147,592,n
111,148,593,n
111,148,594,n
111,148,595,y
111,148,596,n
111,149,597,n
111,149,598,n
111,149,599,n
111,149,600,y
112,150,601,n
112,150,602,n
112,150,603,y
112,150,604,n
113,151,605,n
113,151,606,y
113,151,607,n
113,151,608,n
113,152,609,n
113,152,610,y
113,152,611,n
113,152,612,n
113,153,613,n
113,153,614,y
113,153,615,n
113,153,616,n
114,154,617,n
114,154,618,n
114,154,619,y
114,154,620,n
115,155,621,y
115,155,622,n
115,156,623,n
115,156,624,n
115,156,625,y
115,156,626,n
116,157,627,y
116,157,628,n
116,157,629,n
116,157,630,n
117,158,631,n
117,158,632,n
117,158,633,n
117,158,634,y
118,159,635,n
118,159,636,n
118,159,637,n
118,159,638,y
118,160,639,n
118,160,640,n
118,160,641,n
118,160,642,y
119,161,643,y
119,161,644,n
119,161,645,n
119,161,646,n
150,162,647,n
150,162,648,n
150,162,649,y
154,163,650,y
154,163,651,n
154,163,652,n
155,164,653,n
155,164,654,y
155,164,655,n
157,165,656,n
157,165,657,n
157,165,658,y
152,166,659,n
152,166,660,n
152,166,661,y
152,167,662,n
152,167,663,n
152,167,664,y
158,168,665,n
158,168,666,n
158,168,667,y
149,169,668,y
149,169,669,n
149,169,670,n
149,170,671,y
149,170,672,n
149,170,673,n
151,171,674,n
151,171,675,n
151,171,676,y
156,172,677,n
156,172,678,y
156,172,679,n
151,173,680,n
151,173,681,n
151,173,682,y
153,174,683,n
153,174,684,n
153,174,685,y
156,175,686,n
156,175,687,y
156,175,688,n
172,176,689,y
172,176,690,n
172,176,691,n
172,176,692,n
164,177,693,n
164,177,694,n
164,177,695,y
164,177,696,n
176,178,697,n
176,178,698,n
176,178,699,y
176,178,700,n
172,179,701,n
172,179,702,n
172,179,703,y
172,179,704,n
173,180,705,y
173,180,706,n
173,180,707,n
173,180,708,n
160,181,709,n
160,181,710,y
160,181,711,n
160,181,712,n
166,182,713,n
166,182,714,n
166,182,715,y
166,182,716,n
170,183,717,n
170,183,718,n
170,183,719,y
170,183,720,n
161,184,721,n
161,184,722,n
161,184,723,y
161,184,724,n
175,185,725,y
175,185,726,n
175,185,727,n
175,185,728,n
167,186,729,n
167,186,730,n
167,186,731,y
167,186,732,n
169,187,733,n
169,187,734,n
169,187,735,n
169,187,736,y
161,188,737,n
161,188,738,y
161,188,739,n
161,188,740,n
159,189,741,n
159,189,742,n
159,189,743,n
159,189,744,y
182,190,745,y
182,190,746,n
182,190,747,n
182,190,748,n
168,191,749,n
168,191,750,n
168,191,751,y
168,191,752,n
187,192,753,n
187,192,754,y
187,192,755,n
187,192,756,n
163,193,757,n
163,193,758,y
163,193,759,n
163,193,760,n
185,194,761,n
185,194,762,y
185,194,763,n
185,194,764,n
184,195,765,n
184,195,766,n
184,195,767,n
184,195,768,y
174,196,769,y
174,196,770,n
174,196,771,n
174,196,772,y
182,197,773,n
182,197,774,n
182,197,775,y
182,197,776,n
177,198,777,n
177,198,778,n
177,198,779,n
177,198,780,y
183,199,781,n
183,199,782,n
183,199,783,y
183,199,784,n
186,200,785,n
186,200,786,y
186,200,787,n
186,200,788,n
188,201,789,n
188,201,790,n
188,201,791,n
188,201,792,y
171,202,793,n
171,202,794,n
171,202,795,n
171,202,796,y
169,203,797,n
169,203,798,n
169,203,799,y
169,203,800,n
179,204,801,n
179,204,802,y
179,204,803,n
179,204,804,n
178,205,805,n
178,205,806,y
178,205,807,n
178,205,808,n
165,206,809,n
165,206,810,y
165,206,811,n
165,206,812,n
159,207,813,n
159,207,814,n
159,207,815,y
159,207,816,n
168,208,817,n
168,208,818,y
168,208,819,n
168,208,820,n
162,209,821,n
162,209,822,n
162,209,823,y
162,209,824,n
181,210,825,n
181,210,826,y
181,210,827,n
181,210,828,n
190,211,829,n
190,211,830,n
190,211,831,y
190,211,832,n
191,212,833,n
191,212,834,n
191,212,835,n
191,212,836,y
180,213,837,n
180,213,838,y
180,213,839,n
180,213,840,n
189,214,841,n
189,214,842,n
189,214,843,y
189,214,844,n
162,215,845,n
162,215,846,n
162,215,847,y
162,215,848,n
202,216,849,n
202,216,850,y
202,216,851,n
202,216,852,n
203,217,853,n
203,217,854,n
203,217,855,y
203,217,856,n
197,218,857,n
197,218,858,n
197,218,859,n
197,218,860,y
202,219,861,n
202,219,862,n
202,219,863,y
202,219,864,n
197,220,865,n
197,220,866,n
197,220,867,y
197,220,868,n
204,221,869,n
204,221,870,n
204,221,871,y
204,221,872,n
208,222,873,n
208,222,874,y
208,222,875,n
208,222,876,n
206,223,877,n
206,223,878,y
206,223,879,n
206,223,880,n
205,224,881,n
205,224,882,n
205,224,883,y
205,224,884,n
209,225,885,y
209,225,886,n
209,225,887,n
209,225,888,n
196,226,889,y
196,226,890,n
196,226,891,n
196,226,892,n
196,227,893,n
196,227,894,y
196,227,895,n
196,227,896,n
207,228,897,n
207,228,898,n
207,228,899,y
207,228,900,n
200,229,901,y
200,229,902,n
200,229,903,n
200,229,904,n
194,230,905,y
194,230,906,n
194,230,907,n
194,230,908,n
200,231,909,n
200,231,910,y
200,231,911,n
200,231,912,n
194,232,913,n
194,232,914,y
194,232,915,n
194,232,916,n
210,233,917,n
210,233,918,y
210,233,919,n
210,233,920,n
192,234,921,n
192,234,922,n
192,234,923,n
192,234,924,y
192,235,925,n
192,235,926,n
192,235,927,y
192,235,928,n
193,236,929,n
193,236,930,y
193,236,931,n
193,236,932,n
194,237,933,n
194,237,934,n
194,237,935,n
194,237,936,y
193,238,937,n
193,238,938,n
193,238,939,n
193,238,940,y
193,239,941,n
193,239,942,y
193,239,943,n
193,239,944,n
193,240,945,n
193,240,946,n
193,240,947,n
193,240,948,y
201,241,949,y
201,241,950,n
201,241,951,n
201,241,952,n
201,242,953,n
201,242,954,y
201,242,955,n
201,242,956,n
201,243,957,n
201,243,958,n
201,243,959,n
201,243,960,y
199,244,961,n
199,244,962,y
199,244,963,n
199,244,964,n
198,245,965,y
198,245,966,n
198,245,967,n
198,245,968,n
212,246,969,n
212,246,970,n
212,246,971,n
212,246,972,y
212,247,973,y
212,247,974,n
212,247,975,n
212,247,976,n
216,248,977,n
216,248,978,n
216,248,979,n
216,248,980,y
213,249,981,n
213,249,982,y
213,249,983,n
213,249,984,n
195,250,985,n
195,250,986,n
195,250,987,y
195,250,988,n
195,251,989,n
195,251,990,n
195,251,991,n
195,251,992,y
211,252,993,n
211,252,994,n
211,252,995,n
211,252,996,y
195,253,997,n
195,253,998,n
195,253,999,n
195,253,1000,y
221,254,1001,n
221,254,1002,n
221,254,1003,y
221,254,1004,n
198,255,1005,n
198,255,1006,y
198,255,1007,n
198,255,1008,n
212,256,1009,n
212,256,1010,y
212,256,1011,n
212,256,1012,n
219,257,1013,n
219,257,1014,y
219,257,1015,n
219,257,1016,n
212,258,1017,n
212,258,1018,n
212,258,1019,y
212,258,1020,n
199,259,1021,n
199,259,1022,n
199,259,1023,n
199,259,1024,y
213,260,1025,n
213,260,1026,n
213,260,1027,n
213,260,1028,y
199,261,1029,n
199,261,1030,n
199,261,1031,n
199,261,1032,y
216,262,1033,y
216,262,1034,n
216,262,1035,n
216,262,1036,n
216,263,1037,y
216,263,1038,n
216,263,1039,n
216,263,1040,n
218,264,1041,n
218,264,1042,n
218,264,1043,y
218,264,1044,n
216,265,1045,n
216,265,1046,y
216,265,1047,n
216,265,1048,n
224,266,1049,n
224,266,1050,n
224,266,1051,n
224,266,1052,y
217,267,1053,n
217,267,1054,y
217,267,1055,n
217,267,1056,n
217,268,1057,n
217,268,1058,n
217,268,1059,n
217,268,1060,y
226,269,1061,n
226,269,1062,n
226,269,1063,y
226,269,1064,n
217,270,1065,n
217,270,1066,n
217,270,1067,n
217,270,1068,y
225,271,1069,n
225,271,1070,n
225,271,1071,y
225,271,1072,n
225,272,1073,n
225,272,1074,n
225,272,1075,y
225,272,1076,n
225,273,1077,n
225,273,1078,y
225,273,1079,n
225,273,1080,n
214,274,1081,n
214,274,1082,y
214,274,1083,n
214,274,1084,n
214,275,1085,n
214,275,1086,y
214,275,1087,n
214,275,1088,n
214,276,1089,n
214,276,1090,y
214,276,1091,n
215,277,1092,y
215,277,1093,n
215,277,1094,n
215,277,1095,n
222,278,1096,n
222,278,1097,y
222,278,1098,n
222,278,1099,n
233,279,1100,n
233,279,1101,n
233,279,1102,y
233,279,1103,n
229,280,1104,n
229,280,1105,n
229,280,1106,y
229,280,1107,n
227,281,1108,n
227,281,1109,n
227,281,1110,n
227,281,1111,y
220,282,1112,y
220,282,1113,n
220,282,1114,n
220,282,1115,n
231,283,1116,n
231,283,1117,n
231,283,1118,n
231,283,1119,y
228,284,1120,n
228,284,1121,n
228,284,1122,y
228,284,1123,n
228,285,1124,y
228,285,1125,n
228,285,1126,n
228,285,1127,n
232,286,1128,y
232,286,1129,n
232,286,1130,n
232,286,1131,n
231,287,1132,n
231,287,1133,y
231,287,1134,n
231,287,1135,n
230,288,1136,n
230,288,1137,n
230,288,1138,n
230,288,1139,y
223,289,1140,y
223,289,1141,n
223,289,1142,n
223,289,1143,n
231,290,1144,y
231,290,1145,n
231,290,1146,n
231,290,1147,n
245,291,1148,n
245,291,1149,n
245,291,1150,y
245,291,1151,n
243,292,1152,y
243,292,1153,n
243,292,1154,n
243,292,1155,n
240,293,1156,n
240,293,1157,n
240,293,1158,n
240,293,1159,y
242,294,1160,n
242,294,1161,n
242,294,1162,n
242,294,1163,y
242,295,1164,n
242,295,1165,n
242,295,1166,y
242,295,1167,n
241,296,1168,n
241,296,1169,n
241,296,1170,y
241,296,1171,n
241,297,1172,n
241,297,1173,n
241,297,1174,y
241,297,1175,n
244,298,1176,n
244,298,1177,n
244,298,1178,n
244,298,1179,y
240,299,1180,n
240,299,1181,y
240,299,1182,n
240,299,1183,n
244,300,1184,y
244,300,1185,n
244,300,1186,n
244,300,1187,n
246,301,1188,n
246,301,1189,n
246,301,1190,y
246,301,1191,n
247,302,1192,n
247,302,1193,y
247,302,1194,n
247,302,1195,n
247,303,1196,y
247,303,1197,n
247,303,1198,n
247,303,1199,n
246,304,1200,y
246,304,1201,n
246,304,1202,n
246,304,1203,n
246,305,1204,n
246,305,1205,y
246,305,1206,n
246,305,1207,n
247,306,1208,n
247,306,1209,n
247,306,1210,y
247,306,1211,n
246,307,1212,n
246,307,1213,n
246,307,1214,n
246,307,1215,y
247,308,1216,n
247,308,1217,n
247,308,1218,y
247,309,1219,n
247,309,1220,n
247,309,1221,y
247,309,1222,n
249,310,1223,y
249,310,1224,n
249,310,1225,n
249,310,1226,n
249,311,1227,n
249,311,1228,n
249,311,1229,n
249,311,1230,y
254,312,1231,n
254,312,1232,n
254,312,1233,y
254,312,1234,n
260,313,1235,n
260,313,1236,y
260,313,1237,n
260,313,1238,n
258,314,1239,n
258,314,1240,n
258,314,1241,n
258,314,1242,y
256,315,1243,n
256,315,1244,n
256,315,1245,y
256,315,1246,n
251,316,1247,n
251,316,1248,n
251,316,1249,y
251,316,1250,n
255,317,1251,n
255,317,1252,n
255,317,1253,y
255,317,1254,n
248,318,1255,n
248,318,1256,n
248,318,1257,y
248,318,1258,n
252,319,1259,n
252,319,1260,y
252,319,1261,n
252,319,1262,n
253,320,1263,n
253,320,1264,n
253,320,1265,y
253,320,1266,n
264,321,1267,n
264,321,1268,n
264,321,1269,y
264,321,1270,n
259,322,1271,n
259,322,1272,n
259,322,1273,n
259,322,1274,y
248,323,1275,n
248,323,1276,n
248,323,1277,y
248,323,1278,n
250,324,1279,n
250,324,1280,n
250,324,1281,n
250,324,1282,y
264,325,1283,n
264,325,1284,n
264,325,1285,n
264,325,1286,y
257,326,1287,y
257,326,1288,n
257,326,1289,n
257,326,1290,n
267,327,1291,n
267,327,1292,n
267,327,1293,n
267,327,1294,y
263,328,1295,n
263,328,1296,n
263,328,1297,n
263,328,1298,y
261,329,1299,n
261,329,1300,n
261,329,1301,y
261,329,1302,n
267,330,1303,y
267,330,1304,n
267,330,1305,n
267,330,1306,n
262,331,1307,y
262,331,1308,n
262,331,1309,n
262,331,1310,n
250,332,1311,y
250,332,1312,n
250,332,1313,n
267,333,1314,y
267,333,1315,n
267,333,1316,n
267,333,1317,n
267,334,1318,y
267,334,1319,n
266,335,1320,n
266,335,1321,n
266,335,1322,n
266,335,1323,y
268,336,1324,n
268,336,1325,y
268,336,1326,n
268,336,1327,n
266,337,1328,n
266,337,1329,y
266,337,1330,n
266,337,1331,n
265,338,1332,n
265,338,1333,n
265,338,1334,y
265,338,1335,n
265,339,1336,n
265,339,1337,n
265,339,1338,n
265,339,1339,y
266,340,1340,n
266,340,1341,y
266,340,1342,n
266,340,1343,n
266,341,1344,n
266,341,1345,n
266,341,1346,y
266,341,1347,n
270,342,1348,n
270,342,1349,y
270,342,1350,n
270,342,1351,n
271,343,1352,n
271,343,1353,n
271,343,1354,y
270,344,1355,n
270,344,1356,n
270,344,1357,n
270,344,1358,y
271,345,1359,n
271,345,1360,y
271,345,1361,n
269,346,1362,n
269,346,1363,n
269,346,1364,y
269,346,1365,n
271,347,1366,n
271,347,1367,n
271,347,1368,y
271,347,1369,n
269,348,1370,n
269,348,1371,n
269,348,1372,n
269,348,1373,y
270,349,1374,y
270,349,1375,n
270,349,1376,n
270,349,1377,n
272,350,1378,y
272,350,1379,n
272,350,1380,n
272,350,1381,n
272,351,1382,n
272,351,1383,y
272,351,1384,n
272,351,1385,n
272,351,1386,n
286,352,1387,y
286,352,1388,n
286,352,1389,n
286,352,1390,n
279,353,1391,n
279,353,1392,y
279,353,1393,n
279,353,1394,n
279,354,1395,n
279,354,1396,n
279,354,1397,y
279,354,1398,n
283,355,1399,n
283,355,1400,n
283,355,1401,y
283,355,1402,n
274,356,1403,n
274,356,1404,n
274,356,1405,n
274,356,1406,y
280,357,1407,y
280,357,1408,n
280,357,1409,n
280,357,1410,n
278,358,1411,n
278,358,1412,n
278,358,1413,y
278,358,1414,n
274,359,1415,n
274,359,1416,n
274,359,1417,y
274,359,1418,n
281,360,1419,n
281,360,1420,y
281,360,1421,n
281,360,1422,n
274,361,1423,y
274,361,1424,n
274,361,1425,n
274,361,1426,n
281,362,1427,n
281,362,1428,n
281,362,1429,n
281,362,1430,y
280,363,1431,n
280,363,1432,y
280,363,1433,n
280,363,1434,n
280,364,1435,n
280,364,1436,n
280,364,1437,y
280,364,1438,n
285,365,1439,n
285,365,1440,n
285,365,1441,y
285,365,1442,n
281,366,1443,y
281,366,1444,n
281,366,1445,n
281,366,1446,n
278,367,1447,n
278,367,1448,y
278,367,1449,n
278,367,1450,n
279,368,1451,n
279,368,1452,n
279,368,1453,n
279,368,1454,y
276,369,1455,n
276,369,1456,n
276,369,1457,y
276,369,1458,n
276,370,1459,n
276,370,1460,y
276,370,1461,n
276,370,1462,n
276,371,1463,n
276,371,1464,n
276,371,1465,y
276,371,1466,n
275,372,1467,n
275,372,1468,n
275,372,1469,n
275,372,1470,y
282,373,1471,n
282,373,1472,n
282,373,1473,y
282,373,1474,n
282,374,1475,y
282,374,1476,n
282,374,1477,n
282,374,1478,n
273,375,1479,n
273,375,1480,y
273,375,1481,n
273,375,1482,n
288,376,1483,n
288,376,1484,n
288,376,1485,n
288,376,1486,y
282,377,1487,n
282,377,1488,n
282,377,1489,n
282,377,1490,y
282,378,1491,n
282,378,1492,y
282,378,1493,n
282,378,1494,n
275,379,1495,n
275,379,1496,n
275,379,1497,y
275,379,1498,n
277,380,1499,y
277,380,1500,n
277,380,1501,n
277,380,1502,n
284,381,1503,y
284,381,1504,n
284,381,1505,n
284,381,1506,n
273,382,1507,n
273,382,1508,n
273,382,1509,y
273,382,1510,n
275,383,1511,y
275,383,1512,n
275,383,1513,n
275,383,1514,n
273,384,1515,n
273,384,1516,y
273,384,1517,n
273,384,1518,n
288,385,1519,y
288,385,1520,n
288,385,1521,n
288,385,1522,n
288,386,1523,n
288,386,1524,y
288,386,1525,n
288,386,1526,n
289,387,1527,n
289,387,1528,y
289,387,1529,n
289,387,1530,n
287,388,1531,n
287,388,1532,n
287,388,1533,y
287,388,1534,n
292,389,1535,y
292,389,1536,n
292,389,1537,n
292,389,1538,n
292,390,1539,n
292,390,1540,n
292,390,1541,y
292,390,1542,n
291,391,1543,n
291,391,1544,y
291,391,1545,n
291,391,1546,n
290,392,1547,n
290,392,1548,n
290,392,1549,n
290,392,1550,y
287,393,1551,n
287,393,1552,y
287,393,1553,n
287,393,1554,n
292,394,1555,n
292,394,1556,y
292,394,1557,n
292,394,1558,n
291,395,1559,n
291,395,1560,n
291,395,1561,y
291,395,1562,n
293,396,1563,y
293,396,1564,n
293,396,1565,n
293,396,1566,n
291,397,1567,n
291,397,1568,n
291,397,1569,y
291,397,1570,n
290,398,1571,n
290,398,1572,y
290,398,1573,n
290,398,1574,n
294,399,1575,n
294,399,1576,y
294,399,1577,n
294,399,1578,n
289,400,1579,y
289,400,1580,n
289,400,1581,n
289,400,1582,n
294,401,1583,y
294,401,1584,n
294,401,1585,n
294,401,1586,n
290,402,1587,n
290,402,1588,y
290,402,1589,n
290,402,1590,n
290,403,1591,n
290,403,1592,n
290,403,1593,y
290,403,1594,n
293,404,1595,y
293,404,1596,n
293,404,1597,n
293,404,1598,n
304,405,1599,n
304,405,1600,n
304,405,1601,n
304,405,1602,y
295,406,1603,n
295,406,1604,n
295,406,1605,y
295,406,1606,n
298,407,1607,n
298,407,1608,n
298,407,1609,n
298,407,1610,y
301,408,1611,y
301,408,1612,n
301,408,1613,n
301,408,1614,n
299,409,1615,y
299,409,1616,n
299,409,1617,n
299,409,1618,n
298,410,1619,n
298,410,1620,n
298,410,1621,y
298,410,1622,n
296,411,1623,n
296,411,1624,n
296,411,1625,y
296,411,1626,n
296,412,1627,y
296,412,1628,n
296,412,1629,n
296,412,1630,n
299,413,1631,n
299,413,1632,y
299,413,1633,n
299,413,1634,n
297,414,1635,n
297,414,1636,y
297,414,1637,n
297,414,1638,n
300,415,1639,y
300,415,1640,n
300,415,1641,n
300,415,1642,n
296,416,1643,n
296,416,1644,n
296,416,1645,n
296,416,1646,n
296,416,1647,n
296,416,1648,y
297,417,1649,n
297,417,1650,y
297,417,1651,n
297,417,1652,n
302,418,1653,n
302,418,1654,y
302,418,1655,n
302,418,1656,n
303,419,1657,n
303,419,1658,y
303,419,1659,n
303,419,1660,n
295,420,1661,y
295,420,1662,n
295,420,1663,n
295,420,1664,n
308,421,1665,y
308,421,1666,n
308,421,1667,n
308,421,1668,n
307,422,1669,n
307,422,1670,n
307,422,1671,n
307,422,1672,y
305,423,1673,y
305,423,1674,n
305,423,1675,n
305,423,1676,n
309,424,1677,n
309,424,1678,n
309,424,1679,n
309,424,1680,y
306,425,1681,y
306,425,1682,n
306,425,1683,n
306,425,1684,n
310,426,1685,n
310,426,1686,y
310,426,1687,n
310,426,1688,n
310,427,1689,n
310,427,1690,n
310,427,1691,n
310,427,1692,n
310,427,1693,n
310,427,1694,y
312,428,1695,y
312,428,1696,n
312,428,1697,n
312,428,1698,n
313,429,1699,n
313,429,1700,y
313,429,1701,n
313,429,1702,n
312,430,1703,n
312,430,1704,y
312,430,1705,n
312,430,1706,n
327,431,1707,n
327,431,1708,n
327,431,1709,n
327,431,1710,y
318,432,1711,y
318,432,1712,n
318,432,1713,n
318,432,1714,n
335,433,1715,n
335,433,1716,n
335,433,1717,n
335,433,1718,y
323,434,1719,n
323,434,1720,n
323,434,1721,y
323,434,1722,n
314,435,1723,n
314,435,1724,n
314,435,1725,n
314,435,1726,y
314,436,1727,y
314,436,1728,n
314,436,1729,n
314,436,1730,n
334,437,1731,n
334,437,1732,n
334,437,1733,n
334,437,1734,y
328,438,1735,n
328,438,1736,y
328,438,1737,n
328,438,1738,n
310,439,1739,n
310,439,1740,y
310,439,1741,n
310,439,1742,n
322,440,1743,y
322,440,1744,n
322,440,1745,n
322,440,1746,n
337,441,1747,n
337,441,1748,n
337,441,1749,y
337,441,1750,n
332,442,1751,n
332,442,1752,n
332,442,1753,y
332,442,1754,n
311,443,1755,n
311,443,1756,y
311,443,1757,n
311,443,1758,n
331,444,1759,n
331,444,1760,n
331,444,1761,y
331,444,1762,n
330,445,1763,n
330,445,1764,n
330,445,1765,n
330,445,1766,y
324,446,1767,n
324,446,1768,n
324,446,1769,n
324,446,1770,y
341,447,1771,n
341,447,1772,n
341,447,1773,n
341,447,1774,y
320,448,1775,n
320,448,1776,n
320,448,1777,y
320,448,1778,n
329,449,1779,y
329,449,1780,n
329,449,1781,n
329,449,1782,n
323,450,1783,n
323,450,1784,n
323,450,1785,n
323,450,1786,y
333,451,1787,n
333,451,1788,n
333,451,1789,n
333,451,1790,y
317,452,1791,n
317,452,1792,n
317,452,1793,y
317,452,1794,n
340,453,1795,n
340,453,1796,n
340,453,1797,n
340,453,1798,y
336,454,1799,y
336,454,1800,n
336,454,1801,n
336,454,1802,n
316,455,1803,y
316,455,1804,n
316,455,1805,n
316,455,1806,n
315,456,1807,n
315,456,1808,y
315,456,1809,n
315,456,1810,n
338,457,1811,n
338,457,1812,n
338,457,1813,n
338,457,1814,y
325,458,1815,n
325,458,1816,n
325,458,1817,n
325,458,1818,y
346,459,1819,y
346,459,1820,n
346,459,1821,n
346,459,1822,n
319,460,1823,n
319,460,1824,n
319,460,1825,n
319,460,1826,y
321,461,1827,y
321,461,1828,n
321,461,1829,n
321,461,1830,n
349,462,1831,n
349,462,1832,n
349,462,1833,n
349,462,1834,y
354,463,1835,n
354,463,1836,n
354,463,1837,y
354,463,1838,n
343,464,1839,n
343,464,1840,y
343,464,1841,n
343,464,1842,n
339,465,1843,y
339,465,1844,n
339,465,1845,n
339,465,1846,n
356,466,1847,y
356,466,1848,n
356,466,1849,n
356,466,1850,n
355,467,1851,n
355,467,1852,n
355,467,1853,y
355,467,1854,n
350,468,1855,y
350,468,1856,n
350,468,1857,n
350,468,1858,n
342,469,1859,y
342,469,1860,n
342,469,1861,n
342,469,1862,n
344,470,1863,n
344,470,1864,y
344,470,1865,n
344,470,1866,n
347,471,1867,n
347,471,1868,n
347,471,1869,y
347,471,1870,n
348,472,1871,n
348,472,1872,n
348,472,1873,n
348,472,1874,y
326,473,1875,y
326,473,1876,n
326,473,1877,n
326,473,1878,n
359,474,1879,n
359,474,1880,y
359,474,1881,n
359,474,1882,n
352,475,1883,n
352,475,1884,y
352,475,1885,n
352,475,1886,n
353,476,1887,n
353,476,1888,n
353,476,1889,n
353,476,1890,y
364,477,1891,n
364,477,1892,n
364,477,1893,y
364,477,1894,n
361,478,1895,n
361,478,1896,n
361,478,1897,y
361,478,1898,n
358,479,1899,n
358,479,1900,n
358,479,1901,n
358,479,1902,y
362,480,1903,n
362,480,1904,n
362,480,1905,y
362,480,1906,n
368,481,1907,n
368,481,1908,n
368,481,1909,y
368,481,1910,n
345,482,1911,y
345,482,1912,n
345,482,1913,n
345,482,1914,n
360,483,1915,n
360,483,1916,n
360,483,1917,n
360,483,1918,y
366,484,1919,y
366,484,1920,n
366,484,1921,n
366,484,1922,n
367,485,1923,n
367,485,1924,n
367,485,1925,y
367,485,1926,n
365,486,1927,n
365,486,1928,n
365,486,1929,y
365,486,1930,n
351,487,1931,n
351,487,1932,n
351,487,1933,n
351,487,1934,y
357,488,1935,y
357,488,1936,n
357,488,1937,n
357,488,1938,n
363,489,1939,y
363,489,1940,n
363,489,1941,n
363,489,1942,n
370,490,1943,n
370,490,1944,y
370,491,1945,y
370,491,1946,n
370,491,1947,n
370,491,1948,n
370,492,1949,n
370,492,1950,n
370,492,1951,y
370,492,1952,n
369,493,1953,y
369,493,1954,n
369,493,1955,n
369,493,1956,n
370,494,1957,n
370,494,1958,y
370,495,1959,n
370,495,1960,y
369,496,1961,n
369,496,1962,y
369,496,1963,n
369,496,1964,n
369,497,1965,n
369,497,1966,y
370,498,1967,n
370,498,1968,y
369,499,1969,y
369,499,1970,n
369,500,1971,n
369,500,1972,y
369,501,1973,n
369,501,1974,y
369,501,1975,n
369,501,1976,n
372,502,1977,y
372,502,1978,n
372,502,1979,n
373,503,1980,n
373,503,1981,y
373,504,1982,n
373,504,1983,y
373,504,1984,n
372,505,1985,n
372,505,1986,y
372,505,1987,n
373,506,1988,n
373,506,1989,n
373,506,1990,y
372,507,1991,n
372,507,1992,y
372,507,1993,n
373,508,1994,n
373,508,1995,y
373,508,1996,n
372,509,1997,n
372,509,1998,n
372,509,1999,y
371,510,2000,n
371,510,2001,y
371,511,2002,n
371,511,2003,y
372,512,2004,y
372,512,2005,n
372,512,2006,n
371,513,2007,y
371,513,2008,n
371,514,2009,y
371,514,2010,n
374,515,2011,n
374,515,2012,y
374,515,2013,n
374,515,2014,n
381,516,2015,n
381,516,2016,n
381,516,2017,y
381,516,2018,n
377,517,2019,n
377,517,2020,n
377,517,2021,y
377,517,2022,n
374,518,2023,n
374,518,2024,y
374,518,2025,n
374,518,2026,n
374,519,2027,n
374,519,2028,y
377,520,2029,n
377,520,2030,y
377,520,2031,n
377,521,2032,y
377,521,2033,n
377,521,2034,n
379,522,2035,y
379,522,2036,n
379,522,2037,n
379,522,2038,n
376,523,2039,n
376,523,2040,n
376,523,2041,y
376,523,2042,n
375,524,2043,n
375,524,2044,y
375,524,2045,n
375,524,2046,n
376,525,2047,n
376,525,2048,y
376,525,2049,n
376,525,2050,n
386,526,2051,y
386,526,2052,n
386,526,2053,n
386,526,2054,n
379,527,2055,y
379,527,2056,n
379,527,2057,n
379,527,2058,n
386,528,2059,n
386,528,2060,n
386,528,2061,n
386,528,2062,y
386,529,2063,n
386,529,2064,n
386,529,2065,y
386,529,2066,n
378,530,2067,n
378,530,2068,n
378,530,2069,n
378,530,2070,y
376,531,2071,n
376,531,2072,y
374,532,2073,n
374,532,2074,y
380,533,2075,n
380,533,2076,n
380,533,2077,y
380,533,2078,n
384,534,2079,n
384,534,2080,y
380,535,2081,n
380,535,2082,y
380,535,2083,n
380,535,2084,n
385,536,2085,y
385,536,2086,n
385,536,2087,n
385,536,2088,n
384,537,2089,n
384,537,2090,y
384,537,2091,n
384,537,2092,n
384,538,2093,n
384,538,2094,y
384,538,2095,n
384,538,2096,n
380,539,2097,n
380,539,2098,y
380,539,2099,n
384,540,2100,n
384,540,2101,y
387,541,2102,n
387,541,2103,n
387,541,2104,y
387,541,2105,n
383,542,2106,n
383,542,2107,y
383,542,2108,n
383,542,2109,n
387,543,2110,n
387,543,2111,y
387,543,2112,n
387,543,2113,n
385,544,2114,n
385,544,2115,n
385,544,2116,n
385,544,2117,y
385,545,2118,n
385,545,2119,n
385,545,2120,n
385,545,2121,y
388,546,2122,y
388,546,2123,n
388,546,2124,n
388,546,2125,n
382,547,2126,n
382,547,2127,n
382,547,2128,y
382,547,2129,n
382,548,2130,n
382,548,2131,y
382,548,2132,n
382,548,2133,n
383,549,2134,n
383,549,2135,n
383,549,2136,y
383,549,2137,n
383,550,2138,y
383,550,2139,n
383,550,2140,n
383,550,2141,n
388,551,2142,n
388,551,2143,n
388,551,2144,y
388,551,2145,n
385,552,2146,n
385,552,2147,y
385,552,2148,n
385,552,2149,n
388,553,2150,n
388,553,2151,n
388,553,2152,y
388,553,2153,n
392,554,2154,n
392,554,2155,n
392,554,2156,y
392,554,2157,n
392,555,2158,n
392,555,2159,y
392,555,2160,n
392,556,2161,y
392,556,2162,n
392,556,2163,n
396,557,2164,n
396,557,2165,n
396,557,2166,y
396,557,2167,n
395,558,2168,n
395,558,2169,y
395,558,2170,n
395,559,2171,n
395,559,2172,y
395,559,2173,n
395,559,2174,n
395,560,2175,n
395,560,2176,n
395,560,2177,y
395,560,2178,n
391,561,2179,n
391,561,2180,n
391,561,2181,y
391,561,2182,n
398,562,2183,n
398,562,2184,y
398,562,2185,n
398,562,2186,n
401,563,2187,y
401,563,2188,n
401,563,2189,n
401,563,2190,n
401,564,2191,n
401,564,2192,n
401,564,2193,n
401,564,2194,y
390,565,2195,n
390,565,2196,y
390,565,2197,n
390,565,2198,n
398,566,2199,y
398,566,2200,n
398,566,2201,n
398,566,2202,n
391,567,2203,n
391,567,2204,y
393,568,2205,n
393,568,2206,n
393,568,2207,n
393,568,2208,y
391,569,2209,n
391,569,2210,y
391,569,2211,n
391,569,2212,n
401,570,2213,n
401,570,2214,n
401,570,2215,y
401,570,2216,n
402,571,2217,n
402,571,2218,n
402,571,2219,y
402,571,2220,n
402,572,2221,n
402,572,2222,y
402,572,2223,n
402,572,2224,n
399,573,2225,n
399,573,2226,y
399,573,2227,n
399,573,2228,n
399,574,2229,n
399,574,2230,y
399,575,2231,n
399,575,2232,y
399,575,2233,n
399,575,2234,n
398,576,2235,n
398,576,2236,n
398,576,2237,y
398,576,2238,n
399,577,2239,n
399,577,2240,y
397,578,2241,n
397,578,2242,y
397,578,2243,n
397,578,2244,n
394,579,2245,y
394,579,2246,n
394,579,2247,n
394,579,2248,n
403,580,2249,y
403,580,2250,n
403,580,2251,n
403,580,2252,n
394,581,2253,y
394,581,2254,n
394,581,2255,n
394,581,2256,n
403,582,2257,n
403,582,2258,n
403,582,2259,y
403,582,2260,n
397,583,2261,n
397,583,2262,n
397,583,2263,y
397,583,2264,n
403,584,2265,n
403,584,2266,n
403,584,2267,y
403,584,2268,n
400,585,2269,y
400,585,2270,n
400,585,2271,n
400,585,2272,n
400,586,2273,n
400,586,2274,n
400,586,2275,n
400,586,2276,y
400,587,2277,n
400,587,2278,y
400,587,2279,n
400,587,2280,n
400,588,2281,n
400,588,2282,n
400,588,2283,n
400,588,2284,y
389,589,2285,n
389,589,2286,y
389,589,2287,n
389,589,2288,n
389,590,2289,n
389,590,2290,y
389,591,2291,n
389,591,2292,y
389,591,2293,n
389,591,2294,n
389,592,2295,n
389,592,2296,y
406,593,2297,n
406,593,2298,y
406,593,2299,n
406,593,2300,n
407,594,2301,y
407,594,2302,n
407,594,2303,n
407,594,2304,n
404,595,2305,n
404,595,2306,y
404,595,2307,n
404,595,2308,n
407,596,2309,n
407,596,2310,y
407,596,2311,n
407,596,2312,n
404,597,2313,y
404,597,2314,n
404,597,2315,n
404,597,2316,n
405,598,2317,n
405,598,2318,n
405,598,2319,y
405,598,2320,n
405,599,2321,n
405,599,2322,n
405,599,2323,n
405,599,2324,y
408,600,2325,y
408,600,2326,n
408,600,2327,n
408,600,2328,n
408,601,2329,n
408,601,2330,y
408,601,2331,n
408,601,2332,n
408,602,2333,y
408,602,2334,n
408,602,2335,n
408,602,2336,n
408,603,2337,n
408,603,2338,n
408,603,2339,n
408,603,2340,y
404,604,2341,n
404,604,2342,n
404,604,2343,y
404,604,2344,n
408,605,2345,n
408,605,2346,n
408,605,2347,y
408,605,2348,n
405,606,2349,n
405,606,2350,n
405,606,2351,y
405,606,2352,n
408,607,2353,n
408,607,2354,y
408,607,2355,n
408,607,2356,n
408,607,2357,n
404,608,2358,n
404,608,2359,n
404,608,2360,n
404,608,2361,y
405,609,2362,y
405,609,2363,n
405,609,2364,n
405,609,2365,n
404,610,2366,n
404,610,2367,n
404,610,2368,n
404,610,2369,y
411,611,2370,y
411,611,2371,n
411,611,2372,n
411,611,2373,n
411,612,2374,n
411,612,2375,n
411,612,2376,n
411,612,2377,y
416,613,2378,n
416,613,2379,n
416,613,2380,y
416,613,2381,n
412,614,2382,n
412,614,2383,n
412,614,2384,n
412,614,2385,y
416,615,2386,y
416,615,2387,n
416,615,2388,n
416,615,2389,n
413,616,2390,n
413,616,2391,n
413,616,2392,n
413,616,2393,y
411,617,2394,n
411,617,2395,y
411,617,2396,n
411,617,2397,n
409,618,2398,n
409,618,2399,n
409,618,2400,y
409,618,2401,n
413,619,2402,n
413,619,2403,n
413,619,2404,n
413,619,2405,y
412,620,2406,n
412,620,2407,n
412,620,2408,y
412,620,2409,n
409,621,2410,n
409,621,2411,y
409,621,2412,n
409,621,2413,n
413,622,2414,n
413,622,2415,n
413,622,2416,n
413,622,2417,y
410,623,2418,y
410,623,2419,n
410,623,2420,n
410,623,2421,n
414,624,2422,n
414,624,2423,y
414,624,2424,n
414,624,2425,n
415,625,2426,n
415,625,2427,n
415,625,2428,n
415,625,2429,y
414,626,2430,n
414,626,2431,n
414,626,2432,n
414,626,2433,y
426,627,2434,n
426,627,2435,n
426,627,2436,n
426,627,2437,y
426,628,2438,n
426,628,2439,y
426,628,2440,n
426,628,2441,n
418,629,2442,n
418,629,2443,n
418,629,2444,y
418,629,2445,n
419,630,2446,n
419,630,2447,y
419,630,2448,n
419,630,2449,n
421,631,2450,n
421,631,2451,n
421,631,2452,y
421,631,2453,n
427,632,2454,y
427,632,2455,n
427,632,2456,n
427,632,2457,n
423,633,2458,n
423,633,2459,y
423,633,2460,n
423,633,2461,n
423,634,2462,n
423,634,2463,n
423,634,2464,n
423,634,2465,y
423,635,2466,n
423,635,2467,n
423,635,2468,n
423,635,2469,y
420,636,2470,n
420,636,2471,n
420,636,2472,n
420,636,2473,y
427,637,2474,n
427,637,2475,n
427,637,2476,y
427,637,2477,n
427,638,2478,n
427,638,2479,y
427,638,2480,n
427,638,2481,n
422,639,2482,y
422,639,2483,n
422,639,2484,n
422,639,2485,n
424,640,2486,n
424,640,2487,y
424,640,2488,n
424,640,2489,n
424,641,2490,n
424,641,2491,n
424,641,2492,n
424,641,2493,y
424,642,2494,n
424,642,2495,n
424,642,2496,n
424,642,2497,y
425,643,2498,n
425,643,2499,n
425,643,2500,y
425,643,2501,n
425,644,2502,n
425,644,2503,y
425,644,2504,n
425,644,2505,n
417,645,2506,y
417,645,2507,n
417,645,2508,n
417,645,2509,n
428,646,2510,n
428,646,2511,n
428,646,2512,y
428,646,2513,n
430,647,2514,y
430,647,2515,n
430,647,2516,n
430,647,2517,n
430,648,2518,n
430,648,2519,n
430,648,2520,y
430,648,2521,n
431,649,2522,n
431,649,2523,n
431,649,2524,n
431,649,2525,y
431,650,2526,y
431,650,2527,n
431,650,2528,n
431,650,2529,n
431,651,2530,n
431,651,2531,y
431,651,2532,n
431,651,2533,n
435,652,2534,n
435,652,2535,n
435,652,2536,y
435,652,2537,n
435,653,2538,n
435,653,2539,n
435,653,2540,y
435,653,2541,n
432,654,2542,y
432,654,2543,n
432,654,2544,n
432,654,2545,n
429,655,2546,n
429,655,2547,n
429,655,2548,y
429,655,2549,n
434,656,2550,n
434,656,2551,n
434,656,2552,n
434,656,2553,y
434,657,2554,n
434,657,2555,n
434,657,2556,y
434,657,2557,n
434,658,2558,y
434,658,2559,n
434,658,2560,n
434,658,2561,n
433,659,2562,n
433,659,2563,y
433,659,2564,n
433,659,2565,n
438,660,2566,n
438,660,2567,n
438,660,2568,y
438,660,2569,n
444,661,2570,n
444,661,2571,n
444,661,2572,n
444,661,2573,y
437,662,2574,n
437,662,2575,y
437,662,2576,n
437,662,2577,n
440,663,2578,n
440,663,2579,y
440,663,2580,n
440,663,2581,n
449,664,2582,n
449,664,2583,n
449,664,2584,n
449,664,2585,y
446,665,2586,y
446,665,2587,n
446,665,2588,n
446,665,2589,n
442,666,2590,n
442,666,2591,n
442,666,2592,y
442,666,2593,n
436,667,2594,n
436,667,2595,y
436,667,2596,n
436,667,2597,n
441,668,2598,n
441,668,2599,n
441,668,2600,y
441,668,2601,n
448,669,2602,n
448,669,2603,n
448,669,2604,y
448,669,2605,n
439,670,2606,n
439,670,2607,y
439,670,2608,n
439,670,2609,n
453,671,2610,n
453,671,2611,n
453,671,2612,y
453,671,2613,n
445,672,2614,n
445,672,2615,y
445,672,2616,n
445,672,2617,n
454,673,2618,y
454,673,2619,n
454,673,2620,n
454,673,2621,n
447,674,2622,n
447,674,2623,n
447,674,2624,y
447,674,2625,n
450,675,2626,n
450,675,2627,y
450,675,2628,n
450,675,2629,n
443,676,2630,n
443,676,2631,n
443,676,2632,y
443,676,2633,n
451,677,2634,n
451,677,2635,n
451,677,2636,n
451,677,2637,y
452,678,2638,n
452,678,2639,n
452,678,2640,n
452,678,2641,y
455,679,2642,n
455,679,2643,y
455,679,2644,n
455,679,2645,n
467,680,2646,n
467,680,2647,n
467,680,2648,y
467,680,2649,n
467,681,2650,n
467,681,2651,y
467,681,2652,n
467,681,2653,n
462,682,2654,n
462,682,2655,n
462,682,2656,y
462,682,2657,n
456,683,2658,n
456,683,2659,y
456,683,2660,n
456,683,2661,n
472,684,2662,y
472,684,2663,n
472,684,2664,n
472,684,2665,n
466,685,2666,y
466,685,2667,n
466,685,2668,n
466,685,2669,n
459,686,2670,y
459,686,2671,n
459,686,2672,n
459,686,2673,n
465,687,2674,n
465,687,2675,y
465,687,2676,n
465,687,2677,n
474,688,2678,n
474,688,2679,y
474,688,2680,n
474,688,2681,n
475,689,2682,n
475,689,2683,n
475,689,2684,n
475,689,2685,y
469,690,2686,n
469,690,2687,n
469,690,2688,y
469,690,2689,n
463,691,2690,n
463,691,2691,n
463,691,2692,n
463,691,2693,y
478,692,2694,n
478,692,2695,n
478,692,2696,y
478,692,2697,n
460,693,2698,y
460,693,2699,n
460,693,2700,n
460,693,2701,n
470,694,2702,n
470,694,2703,y
470,694,2704,n
470,694,2705,n
473,695,2706,n
473,695,2707,n
473,695,2708,y
473,695,2709,n
460,696,2710,n
460,696,2711,y
460,696,2712,n
460,696,2713,n
471,697,2714,n
471,697,2715,n
471,697,2716,y
471,697,2717,n
468,698,2718,y
468,698,2719,n
468,698,2720,n
468,698,2721,n
459,699,2722,n
459,699,2723,y
459,699,2724,n
459,699,2725,n
458,700,2726,n
458,700,2727,y
458,700,2728,n
458,700,2729,n
476,701,2730,n
476,701,2731,n
476,701,2732,y
476,701,2733,n
461,702,2734,n
461,702,2735,n
461,702,2736,y
461,702,2737,n
479,703,2738,n
479,703,2739,n
479,703,2740,n
479,703,2741,y
457,704,2742,y
457,704,2743,n
457,704,2744,n
457,704,2745,n
477,705,2746,n
477,705,2747,y
477,705,2748,n
477,705,2749,n
457,706,2750,n
457,706,2751,y
457,706,2752,n
457,706,2753,n
483,707,2754,n
483,707,2755,n
483,707,2756,y
464,708,2757,n
464,708,2758,n
464,708,2759,y
464,708,2760,n
480,709,2761,n
480,709,2762,n
480,709,2763,n
480,709,2764,y
481,710,2765,n
481,710,2766,y
481,710,2767,n
481,710,2768,n
456,711,2769,y
456,711,2770,n
456,711,2771,n
456,711,2772,n
482,712,2773,n
482,712,2774,n
482,712,2775,y
482,712,2776,n
458,713,2777,y
458,713,2778,n
458,713,2779,n
458,713,2780,n
484,714,2781,y
484,714,2782,n
487,715,2783,y
487,715,2784,n
487,715,2785,n
487,715,2786,n
485,716,2787,n
485,716,2788,y
486,717,2789,n
486,717,2790,n
486,717,2791,y
486,717,2792,n
485,718,2793,y
485,718,2794,n
486,719,2795,n
486,719,2796,n
486,719,2797,y
486,719,2798,n
488,720,2799,n
488,720,2800,y
488,720,2801,n
488,720,2802,n
489,721,2803,y
489,721,2804,n
489,721,2805,n
488,722,2806,n
488,722,2807,n
488,722,2808,n
488,722,2809,y
488,723,2810,y
488,723,2811,n
488,723,2812,n
488,723,2813,n
490,724,2814,y
490,724,2815,n
490,724,2816,n
490,724,2817,n
491,725,2818,n
491,725,2819,n
491,725,2820,n
491,725,2821,y
492,726,2822,n
492,726,2823,n
492,726,2824,y
492,726,2825,n
493,727,2826,n
493,727,2827,y
493,727,2828,n
493,727,2829,n
493,728,2830,n
493,728,2831,y
493,728,2832,n
493,728,2833,n
493,729,2834,n
493,729,2835,y
493,729,2836,n
493,729,2837,n
491,730,2838,n
491,730,2839,n
491,730,2840,y
491,730,2841,n
495,731,2842,y
495,731,2843,n
494,732,2844,n
494,732,2845,n
494,732,2846,y
494,732,2847,n
498,733,2848,n
498,733,2849,n
498,733,2850,n
498,733,2851,y
497,734,2852,n
497,734,2853,n
497,734,2854,n
497,734,2855,y
496,735,2856,y
496,735,2857,n
496,735,2858,n
496,735,2859,n
498,736,2860,n
498,736,2861,n
498,736,2862,n
498,736,2863,y
499,737,2864,y
499,737,2865,n
499,737,2866,n
499,737,2867,n
495,738,2868,n
495,738,2869,n
495,738,2870,y
495,738,2871,n
248,739,2872,n
248,739,2873,n
248,739,2874,y
248,739,2875,n
248,740,2876,n
248,740,2877,n
248,740,2878,y
248,740,2879,n
279,368,2888,n
279,368,2889,n
279,368,2890,n
279,368,2891,y
279,353,2892,n
279,353,2893,y
279,353,2894,n
279,353,2895,n
279,741,2896,n
279,741,2897,n
279,741,2898,y
279,741,2899,n
275,742,2900,n
275,742,2901,n
275,742,2902,y
275,742,2903,n
48,77,2904,n
48,77,2905,y
48,77,2906,n
48,77,2907,n
48,78,2908,n
48,78,2909,y
48,78,2910,n
48,78,2911,n
48,81,2912,n
48,81,2913,n
48,81,2914,n
48,81,2915,y
48,743,2916,y
48,743,2917,n
48,743,2918,n
48,743,2919,n
48,744,2920,y
48,744,2921,n
48,744,2922,n
48,744,2923,n
183,745,2924,n
183,745,2925,n
183,745,2926,y
183,745,2927,n
48,746,2932,n
48,746,2933,y
48,746,2934,n
48,746,2935,n
48,747,2936,n
48,747,2937,n
48,747,2938,n
48,747,2939,y
48,748,2940,n
48,748,2941,y
48,748,2942,n
48,748,2943,n
48,749,2944,y
48,749,2945,n
48,749,2946,n
48,749,2947,n
48,750,2948,n
48,750,2949,y
48,750,2950,n
48,750,2951,n
48,751,2952,y
48,751,2953,n
48,751,2954,n
48,751,2955,n
48,752,2956,n
48,752,2957,y
48,752,2958,n
48,752,2959,n
48,753,2960,y
48,753,2961,n
48,753,2962,n
48,753,2963,n
48,754,2964,n
48,754,2965,n
48,754,2966,n
48,754,2967,y
279,755,2972,n
279,755,2973,n
279,755,2974,y
279,755,2975,n
279,756,2976,n
279,756,2977,y
279,756,2978,n
279,756,2979,n
279,757,2980,n
279,757,2981,n
279,757,2982,n
279,757,2983,y
275,758,2984,y
275,758,2985,n
275,758,2986,n
275,758,2987,n
275,759,2988,n
275,759,2989,n
275,759,2990,y
275,759,2991,n
48,760,2992,n
48,760,2993,y
48,760,2994,n
48,760,2995,n
48,761,2996,y
48,761,2997,n
48,761,2998,n
48,761,2999,n
48,762,3000,n
48,762,3001,y
48,762,3002,n
48,762,3003,n
48,763,3004,n
48,763,3005,n
48,763,3006,n
48,763,3007,y
48,764,3008,y
48,764,3009,n
48,764,3010,n
48,764,3011,n
457,765,3012,n
457,765,3013,y
457,765,3014,n
457,765,3015,n
457,766,3016,n
457,766,3017,n
457,766,3018,y
457,766,3019,n
459,767,3020,n
459,767,3021,n
459,767,3022,n
459,767,3023,y
460,768,3024,y
460,768,3025,n
460,768,3026,n
460,768,3027,n
459,769,3028,n
459,769,3029,n
459,769,3030,n
459,769,3031,y
460,770,3032,n
460,770,3033,n
460,770,3034,n
460,770,3035,y
460,771,3036,n
460,771,3037,y
460,771,3038,n
460,771,3039,n
458,772,3040,n
458,772,3041,y
458,772,3042,n
458,772,3043,n
276,773,3044,n
276,773,3045,n
276,773,3046,n
276,773,3047,y
276,774,3048,n
276,774,3049,n
276,774,3050,n
276,774,3051,y
279,775,3052,n
279,775,3053,n
279,775,3054,n
279,775,3055,y
161,776,3056,y
161,776,3057,n
161,776,3058,n
161,776,3059,n
296,777,3060,n
296,777,3061,n
296,777,3062,n
296,777,3063,y
168,778,3064,n
168,778,3065,y
168,778,3066,n
168,778,3067,n
168,779,3068,n
168,779,3069,y
168,779,3070,n
168,779,3071,n
228,780,3072,y
228,780,3073,n
228,780,3074,n
228,780,3075,n
540,781,3076,n
540,781,3077,n
540,781,3078,y
540,781,3079,n
540,782,3080,y
540,782,3081,n
540,782,3082,n
540,782,3083,n
540,783,3084,n
540,783,3085,n
540,783,3086,n
540,783,3087,y
539,784,3088,n
539,784,3089,y
539,784,3090,n
539,784,3091,n
539,784,3092,n
538,785,3093,n
538,785,3094,n
538,785,3095,y
538,785,3096,n
537,786,3097,n
537,786,3098,n
537,786,3099,y
537,786,3100,n
49,787,3101,n
49,787,3102,n
49,787,3103,y
49,787,3104,n
541,788,3105,n
541,788,3106,n
541,788,3107,y
541,788,3108,n
539,789,3109,y
539,789,3110,n
539,789,3111,n
539,789,3112,n
442,790,3113,y
442,790,3114,n
442,790,3115,n
442,790,3116,n
195,791,3117,n
195,791,3118,n
195,791,3119,n
195,791,3120,y
195,792,3121,n
195,792,3122,n
195,792,3123,n
195,792,3124,y
159,793,3125,n
159,793,3126,n
159,793,3127,y
159,793,3128,n
159,794,3129,n
159,794,3130,n
159,794,3131,n
159,794,3132,y
183,795,3133,n
183,795,3134,n
183,795,3135,y
183,795,3136,n
537,796,3137,n
537,796,3138,n
537,796,3139,y
537,796,3140,n
539,797,3141,n
539,797,3142,y
539,797,3143,n
539,797,3144,n
44,798,3145,n
44,798,3146,n
44,798,3147,n
44,798,3148,n
44,798,3149,y
49,799,3150,n
49,799,3151,y
49,799,3152,n
49,799,3153,n
195,800,3154,n
195,800,3155,n
195,800,3156,n
195,800,3157,y
436,801,3158,n
436,801,3159,y
436,801,3160,n
436,801,3161,n
438,802,3162,n
438,802,3163,n
438,802,3164,y
438,802,3165,n
439,803,3166,n
439,803,3167,y
439,803,3168,n
439,803,3169,n
442,804,3170,y
442,804,3171,n
442,804,3172,n
442,804,3173,n
444,805,3174,n
444,805,3175,n
444,805,3176,n
444,805,3177,y
446,806,3178,y
446,806,3179,n
446,806,3180,n
446,806,3181,n
447,807,3182,n
447,807,3183,n
447,807,3184,y
447,807,3185,n
448,808,3186,n
448,808,3187,n
448,808,3188,y
448,808,3189,n
449,809,3190,n
449,809,3191,n
449,809,3192,n
449,809,3193,y
450,810,3194,n
450,810,3195,y
450,810,3196,n
450,810,3197,n
451,811,3198,n
451,811,3199,n
451,811,3200,n
451,811,3201,y
452,812,3202,n
452,812,3203,n
452,812,3204,n
452,812,3205,y
453,813,3206,n
453,813,3207,n
453,813,3208,y
453,813,3209,n
454,814,3210,y
454,814,3211,n
454,814,3212,n
454,814,3213,n
455,815,3214,n
455,815,3215,y
455,815,3216,n
455,815,3217,n
241,816,3218,n
241,816,3219,n
241,816,3220,y
241,816,3221,n
242,817,3222,n
242,817,3223,n
242,817,3224,y
242,817,3225,n
27,818,3226,n
27,818,3227,y
27,818,3228,n
27,818,3229,n
27,819,3230,n
27,819,3231,n
27,819,3232,y
27,819,3233,n
29,820,3234,n
29,820,3235,n
29,820,3236,n
29,820,3237,n
29,820,3238,n
29,820,3239,n
29,820,3240,n
29,820,3241,y
21,821,3242,n
21,821,3243,n
21,821,3244,n
21,821,3245,y
45,822,3246,n
45,822,3247,n
45,822,3248,n
45,822,3249,y
249,823,3250,n
249,823,3251,n
249,823,3252,n
249,823,3253,y
249,824,3254,y
249,824,3255,n
249,824,3256,n
250,825,3257,y
250,825,3258,n
250,825,3259,n
250,825,3260,n
250,826,3261,n
250,826,3262,n
250,826,3263,n
250,826,3264,y
251,827,3265,n
251,827,3266,n
251,827,3267,y
251,827,3268,n
252,828,3269,n
252,828,3270,y
252,828,3271,n
252,828,3272,n
253,829,3273,n
253,829,3274,n
253,829,3275,y
253,829,3276,n
257,830,3277,y
257,830,3278,n
257,830,3279,n
257,830,3280,n
264,831,3281,n
264,831,3282,n
264,831,3283,y
264,831,3284,n
405,832,3285,n
405,832,3286,n
405,832,3287,n
405,832,3288,y
408,833,3289,n
408,833,3290,n
408,833,3291,n
408,833,3292,y
408,834,3293,n
408,834,3294,y
408,834,3295,n
408,834,3296,n
408,835,3297,y
408,835,3298,n
408,835,3299,n
408,835,3300,n
408,836,3301,y
408,836,3302,n
408,836,3303,n
408,836,3304,n
408,837,3305,y
408,837,3306,n
408,837,3307,n
408,837,3308,n
246,838,3309,n
246,838,3310,n
246,838,3311,n
246,838,3312,y
246,839,3313,y
246,839,3314,n
246,839,3315,n
246,839,3316,n
247,840,3317,n
247,840,3318,y
247,840,3319,n
247,840,3320,n
255,841,3321,n
255,841,3322,n
255,841,3323,y
255,841,3324,n
419,842,3325,n
419,842,3326,y
419,842,3327,n
419,842,3328,n
484,843,3329,y
484,843,3330,n
485,844,3331,n
485,844,3332,y
486,845,3333,n
486,845,3334,n
486,845,3335,y
486,845,3336,n
487,846,3337,y
487,846,3338,n
487,846,3339,n
487,846,3340,n
488,847,3341,n
488,847,3342,y
488,847,3343,n
488,847,3344,n
488,848,3345,n
488,848,3346,n
488,848,3347,n
488,848,3348,y
489,849,3349,y
489,849,3350,n
489,849,3351,n
490,850,3352,y
490,850,3353,n
490,850,3354,n
490,850,3355,n
491,851,3356,n
491,851,3357,n
491,851,3358,y
491,851,3359,n
492,852,3360,n
492,852,3361,n
492,852,3362,y
492,852,3363,n
493,853,3364,n
493,853,3365,y
493,853,3366,n
493,853,3367,n
493,854,3368,n
493,854,3369,y
493,854,3370,n
493,854,3371,n
494,855,3372,n
494,855,3373,n
494,855,3374,y
494,855,3375,n
495,856,3376,y
495,856,3377,n
496,857,3378,y
496,857,3379,n
496,857,3380,n
496,857,3381,n
497,858,3382,n
497,858,3383,n
497,858,3384,n
497,858,3385,y
498,859,3386,n
498,859,3387,n
498,859,3388,n
498,859,3389,y
499,860,3390,y
499,860,3391,n
499,860,3392,n
499,860,3393,n
26,861,3394,n
26,861,3395,n
26,861,3396,n
26,861,3397,n
26,861,3398,y
310,862,3399,n
310,862,3400,y
310,862,3401,n
310,862,3402,n
312,863,3403,y
312,863,3404,n
312,863,3405,n
312,863,3406,n
313,864,3407,n
313,864,3408,y
313,864,3409,n
313,864,3410,n
314,865,3411,y
314,865,3412,n
314,865,3413,n
314,865,3414,n
314,866,3415,n
314,866,3416,n
314,866,3417,n
314,866,3418,y
315,867,3419,n
315,867,3420,y
315,867,3421,n
315,867,3422,n
318,868,3423,y
318,868,3424,n
318,868,3425,n
318,868,3426,n
319,869,3427,n
319,869,3428,n
319,869,3429,n
319,869,3430,y
320,870,3431,n
320,870,3432,n
320,870,3433,y
320,870,3434,n
321,871,3435,y
321,871,3436,n
321,871,3437,n
321,871,3438,n
322,872,3439,y
322,872,3440,n
322,872,3441,n
322,872,3442,n
323,873,3443,n
323,873,3444,n
323,873,3445,n
323,873,3446,y
323,874,3447,n
323,874,3448,n
323,874,3449,y
323,874,3450,n
324,875,3451,n
324,875,3452,n
324,875,3453,n
324,875,3454,y
326,876,3455,y
326,876,3456,n
326,876,3457,n
326,876,3458,n
328,877,3459,n
328,877,3460,y
328,877,3461,n
328,877,3462,n
329,878,3463,y
329,878,3464,n
329,878,3465,n
329,878,3466,n
330,879,3467,n
330,879,3468,n
330,879,3469,n
330,879,3470,y
332,880,3471,n
332,880,3472,n
332,880,3473,y
332,880,3474,n
333,881,3475,n
333,881,3476,n
333,881,3477,n
333,881,3478,y
334,882,3479,n
334,882,3480,n
334,882,3481,n
334,882,3482,y
335,883,3483,n
335,883,3484,n
335,883,3485,n
335,883,3486,y
336,884,3487,y
336,884,3488,n
336,884,3489,n
336,884,3490,n
337,885,3491,n
337,885,3492,n
337,885,3493,y
337,885,3494,n
340,886,3495,n
340,886,3496,n
340,886,3497,n
340,886,3498,y
342,887,3499,y
342,887,3500,n
342,887,3501,n
342,887,3502,n
343,888,3503,n
343,888,3504,y
343,888,3505,n
343,888,3506,n
345,889,3507,y
345,889,3508,n
345,889,3509,n
345,889,3510,n
346,890,3511,y
346,890,3512,n
346,890,3513,n
346,890,3514,n
347,891,3515,n
347,891,3516,n
347,891,3517,y
347,891,3518,n
348,892,3519,n
348,892,3520,n
348,892,3521,n
348,892,3522,y
351,893,3523,n
351,893,3524,n
351,893,3525,n
351,893,3526,y
352,894,3527,n
352,894,3528,y
352,894,3529,n
352,894,3530,n
353,895,3531,n
353,895,3532,n
353,895,3533,n
353,895,3534,y
355,896,3535,n
355,896,3536,n
355,896,3537,y
355,896,3538,n
356,897,3539,y
356,897,3540,n
356,897,3541,n
356,897,3542,n
357,898,3543,y
357,898,3544,n
357,898,3545,n
357,898,3546,n
358,899,3547,n
358,899,3548,n
358,899,3549,n
358,899,3550,y
362,900,3551,n
362,900,3552,n
362,900,3553,y
362,900,3554,n
365,901,3555,n
365,901,3556,n
365,901,3557,y
365,901,3558,n
367,902,3559,n
367,902,3560,n
367,902,3561,y
367,902,3562,n
368,903,3563,n
368,903,3564,n
368,903,3565,y
368,903,3566,n
471,904,3567,n
471,904,3568,n
471,904,3569,y
471,904,3570,n
476,905,3571,n
476,905,3572,n
476,905,3573,y
476,905,3574,n
542,906,3575,n
542,906,3576,y
542,906,3577,n
542,906,3578,n
542,907,3579,n
542,907,3580,n
542,907,3581,n
542,907,3582,y
543,908,3583,n
543,908,3584,y
543,908,3585,n
543,908,3586,n
544,909,3587,n
544,909,3588,y
544,909,3589,n
544,909,3590,n
44,910,3591,n
44,910,3592,n
44,910,3593,n
44,910,3594,y
543,911,3595,n
543,911,3596,y
543,911,3597,n
543,911,3598,n
310,912,3599,n
310,912,3600,n
310,912,3601,n
310,912,3602,n
310,912,3603,n
310,912,3604,y
325,913,3605,n
325,913,3606,n
325,913,3607,n
325,913,3608,y
186,914,3609,n
186,914,3610,n
186,914,3611,y
186,914,3612,n
273,915,3613,n
273,915,3614,y
273,915,3615,n
273,915,3616,n
274,916,3617,y
274,916,3618,n
274,916,3619,n
274,916,3620,n
274,917,3621,n
274,917,3622,n
274,917,3623,y
274,917,3624,n
274,918,3625,n
274,918,3626,n
274,918,3627,n
274,918,3628,y
276,919,3629,n
276,919,3630,y
276,919,3631,n
276,919,3632,n
369,920,3633,n
369,920,3634,y
379,921,3635,y
379,921,3636,n
379,921,3637,n
379,921,3638,n
380,922,3639,n
380,922,3640,n
380,922,3641,y
380,922,3642,n
380,923,3643,n
380,923,3644,y
380,923,3645,n
380,923,3646,n
385,924,3647,n
385,924,3648,n
385,924,3649,n
385,924,3650,y
386,925,3651,y
386,925,3652,n
386,925,3653,n
386,925,3654,n
386,926,3655,n
386,926,3656,n
386,926,3657,n
386,926,3658,y
394,927,3659,y
394,927,3660,n
394,927,3661,n
394,927,3662,n
395,928,3663,n
395,928,3664,n
395,928,3665,y
395,928,3666,n
395,929,3667,n
395,929,3668,y
395,929,3669,n
395,929,3670,n
400,930,3671,n
400,930,3672,n
400,930,3673,n
400,930,3674,y
401,931,3675,y
401,931,3676,n
401,931,3677,n
401,931,3678,n
401,932,3679,n
401,932,3680,n
401,932,3681,n
401,932,3682,y
408,933,3683,n
408,933,3684,n
408,933,3685,n
408,933,3686,y
408,934,3687,n
408,934,3688,n
408,934,3689,y
408,934,3690,n
408,935,3691,n
408,935,3692,y
408,935,3693,n
408,935,3694,n
408,936,3695,y
408,936,3696,n
408,936,3697,n
408,936,3698,n
408,937,3699,y
408,937,3700,n
408,937,3701,n
408,937,3702,n
408,938,3703,y
408,938,3704,n
408,938,3705,n
408,938,3706,n
197,939,3707,n
197,939,3708,n
197,939,3709,n
197,939,3710,y
197,940,3711,n
197,940,3712,n
197,940,3713,y
197,940,3714,n
198,941,3715,y
198,941,3716,n
198,941,3717,n
198,941,3718,n
198,942,3719,n
198,942,3720,y
198,942,3721,n
198,942,3722,n
199,943,3723,n
199,943,3724,n
199,943,3725,n
199,943,3726,y
199,944,3727,n
199,944,3728,y
199,944,3729,n
199,944,3730,n
199,945,3731,n
199,945,3732,n
199,945,3733,n
199,945,3734,y
200,946,3735,n
200,946,3736,y
200,946,3737,n
200,946,3738,n
200,947,3739,y
200,947,3740,n
200,947,3741,n
200,947,3742,n
201,948,3743,n
201,948,3744,y
201,948,3745,n
201,948,3746,n
201,949,3747,y
201,949,3748,n
201,949,3749,n
201,949,3750,n
201,950,3751,n
201,950,3752,n
201,950,3753,n
201,950,3754,y
202,951,3755,n
202,951,3756,n
202,951,3757,y
202,951,3758,n
202,952,3759,n
202,952,3760,y
202,952,3761,n
202,952,3762,n
203,953,3763,n
203,953,3764,n
203,953,3765,y
203,953,3766,n
204,954,3767,n
204,954,3768,n
204,954,3769,y
204,954,3770,n
205,955,3771,n
205,955,3772,n
205,955,3773,y
205,955,3774,n
206,956,3775,n
206,956,3776,y
206,956,3777,n
206,956,3778,n
207,957,3779,n
207,957,3780,n
207,957,3781,y
207,957,3782,n
208,958,3783,n
208,958,3784,y
208,958,3785,n
208,958,3786,n
209,959,3787,y
209,959,3788,n
209,959,3789,n
209,959,3790,n
210,960,3791,n
210,960,3792,y
210,960,3793,n
210,960,3794,n
211,961,3795,n
211,961,3796,n
211,961,3797,n
211,961,3798,y
212,962,3799,n
212,962,3800,y
212,962,3801,n
212,962,3802,n
212,963,3803,y
212,963,3804,n
212,963,3805,n
212,963,3806,n
212,964,3807,n
212,964,3808,n
212,964,3809,n
212,964,3810,y
212,965,3811,n
212,965,3812,n
212,965,3813,y
212,965,3814,n
213,966,3815,n
213,966,3816,n
213,966,3817,n
213,966,3818,y
213,967,3819,n
213,967,3820,y
213,967,3821,n
213,967,3822,n
214,968,3823,n
214,968,3824,y
214,968,3825,n
214,968,3826,n
214,969,3827,n
214,969,3828,y
214,969,3829,n
214,970,3830,n
214,970,3831,y
214,970,3832,n
214,970,3833,n
215,971,3834,y
215,971,3835,n
215,971,3836,n
215,971,3837,n
216,972,3838,n
216,972,3839,n
216,972,3840,n
216,972,3841,y
216,973,3842,n
216,973,3843,y
216,973,3844,n
216,973,3845,n
216,974,3846,y
216,974,3847,n
216,974,3848,n
216,974,3849,n
216,975,3850,y
216,975,3851,n
216,975,3852,n
216,975,3853,n
217,976,3854,n
217,976,3855,n
217,976,3856,n
217,976,3857,y
217,977,3858,n
217,977,3859,y
217,977,3860,n
217,977,3861,n
217,978,3862,n
217,978,3863,n
217,978,3864,n
217,978,3865,y
218,979,3866,n
218,979,3867,n
218,979,3868,y
218,979,3869,n
219,980,3870,n
219,980,3871,y
219,980,3872,n
219,980,3873,n
220,981,3874,y
220,981,3875,n
220,981,3876,n
220,981,3877,n
221,982,3878,n
221,982,3879,n
221,982,3880,y
221,982,3881,n
222,983,3882,n
222,983,3883,y
222,983,3884,n
222,983,3885,n
223,984,3886,y
223,984,3887,n
223,984,3888,n
223,984,3889,n
224,985,3890,n
224,985,3891,n
224,985,3892,n
224,985,3893,y
225,986,3894,n
225,986,3895,n
225,986,3896,y
225,986,3897,n
225,987,3898,n
225,987,3899,y
225,987,3900,n
225,987,3901,n
225,988,3902,n
225,988,3903,n
225,988,3904,y
225,988,3905,n
226,989,3906,n
226,989,3907,n
226,989,3908,y
226,989,3909,n
227,990,3910,n
227,990,3911,n
227,990,3912,n
227,990,3913,y
228,991,3914,y
228,991,3915,n
228,991,3916,n
228,991,3917,n
228,992,3918,n
228,992,3919,n
228,992,3920,y
228,992,3921,n
229,993,3922,n
229,993,3923,n
229,993,3924,y
229,993,3925,n
230,994,3926,n
230,994,3927,n
230,994,3928,n
230,994,3929,y
231,995,3930,n
231,995,3931,n
231,995,3932,n
231,995,3933,y
231,996,3934,y
231,996,3935,n
231,996,3936,n
231,996,3937,n
231,997,3938,n
231,997,3939,y
231,997,3940,n
231,997,3941,n
232,998,3942,y
232,998,3943,n
232,998,3944,n
232,998,3945,n
233,999,3946,n
233,999,3947,n
233,999,3948,y
233,999,3949,n
248,1000,3950,n
248,1000,3951,n
248,1000,3952,y
248,1000,3953,n
271,1001,3954,n
271,1001,3955,n
271,1001,3956,y
409,1002,3957,n
409,1002,3958,n
409,1002,3959,y
409,1002,3960,n
411,1003,3961,n
411,1003,3962,n
411,1003,3963,n
411,1003,3964,y
411,1004,3965,n
411,1004,3966,y
411,1004,3967,n
411,1004,3968,n
412,1005,3969,n
412,1005,3970,n
412,1005,3971,y
412,1005,3972,n
413,1006,3973,n
413,1006,3974,n
413,1006,3975,n
413,1006,3976,y
413,1007,3977,n
413,1007,3978,n
413,1007,3979,n
413,1007,3980,y
414,1008,3981,n
414,1008,3982,y
414,1008,3983,n
414,1008,3984,n
416,1009,3985,n
416,1009,3986,n
416,1009,3987,y
416,1009,3988,n
423,1010,3989,n
423,1010,3990,y
423,1010,3991,n
423,1010,3992,n
423,1011,3993,n
423,1011,3994,n
423,1011,3995,n
423,1011,3996,y
424,1012,3997,n
424,1012,3998,y
424,1012,3999,n
424,1012,4000,n
424,1013,4001,n
424,1013,4002,n
424,1013,4003,n
424,1013,4004,y
425,1014,4005,n
425,1014,4006,n
425,1014,4007,y
425,1014,4008,n
426,1015,4009,n
426,1015,4010,n
426,1015,4011,n
426,1015,4012,y
427,1016,4013,y
427,1016,4014,n
427,1016,4015,n
427,1016,4016,n
427,1017,4017,n
427,1017,4018,y
427,1017,4019,n
427,1017,4020,n
430,1018,4021,y
430,1018,4022,n
430,1018,4023,n
430,1018,4024,n
431,1019,4025,n
431,1019,4026,n
431,1019,4027,n
431,1019,4028,y
431,1020,4029,n
431,1020,4030,y
431,1020,4031,n
431,1020,4032,n
434,1021,4033,n
434,1021,4034,n
434,1021,4035,y
434,1021,4036,n
434,1022,4037,n
434,1022,4038,n
434,1022,4039,n
434,1022,4040,y
435,1023,4041,n
435,1023,4042,n
435,1023,4043,y
435,1023,4044,n
272,1024,4045,y
272,1024,4046,n
272,1024,4047,n
272,1024,4048,n
272,1025,4049,n
272,1025,4050,y
272,1025,4051,n
272,1025,4052,n
272,1025,4053,n
488,1026,4054,n
488,1026,4055,y
488,1026,4056,n
488,1026,4057,n
488,1027,4058,y
488,1027,4059,n
488,1027,4060,n
488,1027,4061,n
488,1028,4062,n
488,1028,4063,n
488,1028,4064,n
488,1028,4065,y
489,1029,4066,y
489,1029,4067,n
489,1029,4068,n
490,1030,4069,y
490,1030,4070,n
490,1030,4071,n
490,1030,4072,n
491,1031,4073,n
491,1031,4074,n
491,1031,4075,y
491,1031,4076,n
491,1032,4077,n
491,1032,4078,n
491,1032,4079,n
491,1032,4080,y
492,1033,4081,n
492,1033,4082,n
492,1033,4083,y
492,1033,4084,n
493,1034,4085,n
493,1034,4086,y
493,1034,4087,n
493,1034,4088,n
493,1035,4089,n
493,1035,4090,y
493,1035,4091,n
493,1035,4092,n
493,1036,4093,n
493,1036,4094,y
493,1036,4095,n
493,1036,4096,n
494,1037,4097,n
494,1037,4098,n
494,1037,4099,y
494,1037,4100,n
495,1038,4101,y
495,1038,4102,n
495,1039,4103,n
495,1039,4104,n
495,1039,4105,y
495,1039,4106,n
496,1040,4107,y
496,1040,4108,n
496,1040,4109,n
496,1040,4110,n
497,1041,4111,n
497,1041,4112,n
497,1041,4113,n
497,1041,4114,y
498,1042,4115,n
498,1042,4116,n
498,1042,4117,n
498,1042,4118,y
498,1043,4119,n
498,1043,4120,n
498,1043,4121,n
498,1043,4122,y
499,1044,4123,y
499,1044,4124,n
499,1044,4125,n
499,1044,4126,n
545,1045,4127,y
545,1045,4128,n
545,1045,4129,n
545,1045,4130,n
545,1046,4131,n
545,1046,4132,y
545,1046,4133,n
545,1046,4134,n
546,1047,4135,n
546,1047,4136,n
546,1047,4137,y
546,1047,4138,n
546,1048,4139,n
546,1048,4140,y
546,1048,4141,n
546,1048,4142,n
546,1049,4143,n
546,1049,4144,y
546,1049,4145,n
546,1049,4146,n
547,1050,4147,n
547,1050,4148,n
547,1050,4149,n
547,1050,4150,y
547,1051,4151,n
547,1051,4152,n
547,1051,4153,n
547,1051,4154,y
265,1052,4155,n
265,1052,4156,n
265,1052,4157,y
265,1052,4158,n
265,1053,4159,n
265,1053,4160,n
265,1053,4161,n
265,1053,4162,y
266,1054,4163,n
266,1054,4164,y
266,1054,4165,n
266,1054,4166,n
266,1055,4167,n
266,1055,4168,y
266,1055,4169,n
266,1055,4170,n
266,1056,4171,n
266,1056,4172,n
266,1056,4173,n
266,1056,4174,y
266,1057,4175,n
266,1057,4176,n
266,1057,4177,y
266,1057,4178,n
267,1058,4179,n
267,1058,4180,n
267,1058,4181,n
267,1058,4182,y
267,1059,4183,y
267,1059,4184,n
267,1059,4185,n
267,1059,4186,n
267,1060,4187,y
267,1060,4188,n
267,1060,4189,n
267,1060,4190,n
267,1061,4191,y
267,1061,4192,n
268,1062,4193,n
268,1062,4194,y
268,1062,4195,n
268,1062,4196,n
484,1063,4197,y
484,1063,4198,n
485,1064,4199,n
485,1064,4200,y
485,1065,4201,y
485,1065,4202,n
486,1066,4203,n
486,1066,4204,n
486,1066,4205,y
486,1066,4206,n
486,1067,4207,n
486,1067,4208,n
486,1067,4209,y
486,1067,4210,n
487,1068,4211,y
487,1068,4212,n
487,1068,4213,n
487,1068,4214,n
488,1069,4215,n
488,1069,4216,y
488,1069,4217,n
488,1069,4218,n
488,1070,4219,y
488,1070,4220,n
488,1070,4221,n
488,1070,4222,n
488,1071,4223,n
488,1071,4224,n
488,1071,4225,n
488,1071,4226,y
489,1072,4227,y
489,1072,4228,n
489,1072,4229,n
490,1073,4230,y
490,1073,4231,n
490,1073,4232,n
490,1073,4233,n
491,1074,4234,n
491,1074,4235,n
491,1074,4236,y
491,1074,4237,n
491,1075,4238,n
491,1075,4239,n
491,1075,4240,n
491,1075,4241,y
492,1076,4242,n
492,1076,4243,n
492,1076,4244,y
492,1076,4245,n
493,1077,4246,n
493,1077,4247,y
493,1077,4248,n
493,1077,4249,n
493,1078,4250,n
493,1078,4251,y
493,1078,4252,n
493,1078,4253,n
493,1079,4254,n
493,1079,4255,y
493,1079,4256,n
493,1079,4257,n
494,1080,4258,n
494,1080,4259,n
494,1080,4260,y
494,1080,4261,n
495,1081,4262,y
495,1081,4263,n
495,1082,4264,n
495,1082,4265,n
495,1082,4266,y
495,1082,4267,n
496,1083,4268,y
496,1083,4269,n
496,1083,4270,n
496,1083,4271,n
497,1084,4272,n
497,1084,4273,n
497,1084,4274,n
497,1084,4275,y
498,1085,4276,n
498,1085,4277,n
498,1085,4278,n
498,1085,4279,y
498,1086,4280,n
498,1086,4281,n
498,1086,4282,n
498,1086,4283,y
499,1087,4284,y
499,1087,4285,n
499,1087,4286,n
499,1087,4287,n
248,1088,4288,n
248,1088,4289,n
248,1088,4290,y
248,1088,4291,n
248,1089,4292,n
248,1089,4293,n
248,1089,4294,y
248,1089,4295,n
265,1090,4296,n
265,1090,4297,n
265,1090,4298,y
265,1090,4299,n
265,1091,4300,n
265,1091,4301,n
265,1091,4302,n
265,1091,4303,y
266,1092,4304,n
266,1092,4305,y
266,1092,4306,n
266,1092,4307,n
266,1093,4308,n
266,1093,4309,y
266,1093,4310,n
266,1093,4311,n
266,1094,4312,n
266,1094,4313,n
266,1094,4314,n
266,1094,4315,y
266,1095,4316,n
266,1095,4317,n
266,1095,4318,y
266,1095,4319,n
267,1096,4320,n
267,1096,4321,n
267,1096,4322,n
267,1096,4323,y
267,1097,4324,y
267,1097,4325,n
267,1097,4326,n
267,1097,4327,n
267,1098,4328,y
267,1098,4329,n
267,1098,4330,n
267,1098,4331,n
267,1099,4332,y
267,1099,4333,n
268,1100,4334,n
268,1100,4335,y
268,1100,4336,n
268,1100,4337,n
296,1101,4338,y
296,1101,4339,n
296,1101,4340,n
296,1101,4341,n
296,1102,4342,n
296,1102,4343,n
296,1102,4344,n
296,1102,4345,y
296,1103,4346,n
296,1103,4347,n
296,1103,4348,n
296,1103,4349,n
296,1103,4350,n
296,1103,4351,y
297,1104,4352,n
297,1104,4353,y
297,1104,4354,n
297,1104,4355,n
297,1105,4356,n
297,1105,4357,y
297,1105,4358,n
297,1105,4359,n
298,1106,4360,n
298,1106,4361,n
298,1106,4362,y
298,1106,4363,n
298,1107,4364,n
298,1107,4365,n
298,1107,4366,n
298,1107,4367,y
299,1108,4368,y
299,1108,4369,n
299,1108,4370,n
299,1108,4371,n
299,1109,4372,n
299,1109,4373,y
299,1109,4374,n
299,1109,4375,n
300,1110,4376,y
300,1110,4377,n
300,1110,4378,n
300,1110,4379,n
301,1111,4380,y
301,1111,4381,n
301,1111,4382,n
301,1111,4383,n
302,1112,4384,n
302,1112,4385,y
302,1112,4386,n
302,1112,4387,n
246,1113,4388,n
246,1113,4389,n
246,1113,4390,n
246,1113,4391,y
246,1114,4392,n
246,1114,4393,n
246,1114,4394,y
246,1114,4395,n
246,1115,4396,y
246,1115,4397,n
246,1115,4398,n
246,1115,4399,n
246,1116,4400,n
246,1116,4401,y
246,1116,4402,n
246,1116,4403,n
247,1117,4404,n
247,1117,4405,y
247,1117,4406,n
247,1117,4407,n
247,1118,4408,n
247,1118,4409,n
247,1118,4410,y
247,1119,4411,y
247,1119,4412,n
247,1119,4413,n
247,1119,4414,n
247,1120,4415,n
247,1120,4416,n
247,1120,4417,y
247,1120,4418,n
247,1121,4419,n
247,1121,4420,n
247,1121,4421,y
247,1121,4422,n
197,1122,4423,n
197,1122,4424,n
197,1122,4425,n
197,1122,4426,y
197,1123,4427,n
197,1123,4428,n
197,1123,4429,y
197,1123,4430,n
198,1124,4431,y
198,1124,4432,n
198,1124,4433,n
198,1124,4434,n
198,1125,4435,n
198,1125,4436,y
198,1125,4437,n
198,1125,4438,n
197,1126,4439,n
197,1126,4440,n
197,1126,4441,n
197,1126,4442,y
198,1127,4443,n
198,1127,4444,y
198,1127,4445,n
198,1127,4446,n
548,1128,4447,y
548,1128,4448,n
548,1128,4449,n
548,1128,4450,n
548,1129,4451,n
548,1129,4452,n
548,1129,4453,y
548,1129,4454,n
549,1130,4455,n
549,1130,4456,n
549,1130,4457,n
549,1130,4458,y
491,1131,4459,n
491,1131,4460,n
491,1131,4461,n
491,1131,4462,y
493,1132,4463,n
493,1132,4464,y
493,1132,4465,n
493,1132,4466,n
269,1184,4467,n
269,1184,4468,n
269,1184,4469,n
269,1184,4470,y
269,1185,4471,n
269,1185,4472,n
269,1185,4473,y
269,1185,4474,n
270,1186,4475,y
270,1186,4476,n
270,1186,4477,n
270,1186,4478,n
270,1187,4479,n
270,1187,4480,n
270,1187,4481,n
270,1187,4482,y
270,1188,4483,n
270,1188,4484,y
270,1188,4485,n
270,1188,4486,n
271,1189,4487,n
271,1189,4488,n
271,1189,4489,y
271,1189,4490,n
271,1190,4491,n
271,1190,4492,y
271,1190,4493,n
271,1191,4494,n
271,1191,4495,n
271,1191,4496,y
272,1192,4497,y
272,1192,4498,n
272,1192,4499,n
272,1192,4500,n
272,1193,4501,n
272,1193,4502,y
272,1193,4503,n
272,1193,4504,n
272,1193,4505,n
414,1194,4506,n
414,1194,4507,n
414,1194,4508,y
414,1194,4509,n
423,1195,4510,y
423,1195,4511,n
423,1195,4512,n
423,1195,4513,n
424,1196,4514,n
424,1196,4515,n
424,1196,4516,n
424,1196,4517,y
247,1197,4518,n
247,1197,4519,n
247,1197,4520,y
247,1197,4521,n
452,1198,4522,n
452,1198,4523,n
452,1198,4524,n
452,1198,4525,y
491,1199,4526,n
491,1199,4527,n
491,1199,4528,n
491,1199,4529,y
550,1200,4530,n
550,1200,4531,y
550,1200,4532,n
550,1200,4533,n
550,1201,4534,n
550,1201,4535,n
550,1201,4536,y
550,1201,4537,n
550,1202,4538,n
550,1202,4539,n
550,1202,4540,y
550,1202,4541,n
550,1203,4542,n
550,1203,4543,n
550,1203,4544,n
550,1203,4545,y
550,1204,4546,n
550,1204,4547,n
550,1204,4548,n
550,1204,4549,n
550,1204,4550,y
551,1205,4551,n
551,1205,4552,n
551,1205,4553,n
551,1205,4554,y
551,1206,4555,n
551,1206,4556,n
551,1206,4557,y
551,1206,4558,n
552,1207,4559,y
552,1207,4560,n
552,1207,4561,n
552,1207,4562,n
552,1208,4563,n
552,1208,4564,y
552,1208,4565,n
552,1208,4566,n
269,1209,4567,n
269,1209,4568,n
269,1209,4569,n
269,1209,4570,y
269,1210,4571,n
269,1210,4572,n
269,1210,4573,y
269,1210,4574,n
270,1211,4575,y
270,1211,4576,n
270,1211,4577,n
270,1211,4578,n
274,1212,4579,y
274,1212,4580,n
274,1212,4581,n
274,1212,4582,n
274,1213,4583,n
274,1213,4584,n
274,1213,4585,n
274,1213,4586,y
553,1214,4587,n
553,1214,4588,n
553,1214,4589,y
553,1214,4590,n
554,1215,4591,n
554,1215,4592,y
554,1215,4593,n
554,1215,4594,n
555,1216,4595,n
555,1216,4596,n
555,1216,4597,n
555,1216,4598,y
556,1217,4599,y
556,1217,4600,n
557,1218,4601,n
557,1218,4602,y
557,1219,4603,y
557,1219,4604,n
558,1220,4605,y
558,1220,4606,n
558,1220,4607,n
558,1220,4608,n
559,1221,4609,y
559,1221,4610,n
559,1221,4611,n
559,1221,4612,n
560,1222,4613,n
560,1222,4614,n
560,1222,4615,y
560,1222,4616,n
560,1223,4617,n
560,1223,4618,n
560,1223,4619,n
560,1223,4620,y
560,1224,4621,n
560,1224,4622,y
560,1224,4623,n
560,1224,4624,n
560,1225,4625,n
560,1225,4626,y
560,1225,4627,n
560,1225,4628,n
560,1226,4629,n
560,1226,4630,y
560,1226,4631,n
560,1226,4632,n
560,1227,4633,n
560,1227,4634,n
560,1227,4635,y
560,1227,4636,n
560,1228,4637,n
560,1228,4638,n
560,1228,4639,y
560,1228,4640,n
561,1229,4641,y
561,1229,4642,n
561,1229,4643,n
562,1230,4644,n
562,1230,4645,y
562,1230,4646,n
562,1230,4647,n
562,1231,4648,y
562,1231,4649,n
562,1231,4650,n
562,1231,4651,n
563,1232,4652,n
563,1232,4653,n
563,1232,4654,y
563,1232,4655,n
564,1233,4656,n
564,1233,4657,n
564,1233,4658,y
564,1233,4659,n
565,1234,4660,y
565,1234,4661,n
565,1235,4662,n
565,1235,4663,n
565,1235,4664,y
565,1235,4665,n
566,1236,4666,y
566,1236,4667,n
566,1236,4668,n
566,1236,4669,n
567,1237,4670,n
567,1237,4671,n
567,1237,4672,n
567,1237,4673,y
568,1238,4674,n
568,1238,4675,n
568,1238,4676,n
568,1238,4677,y
568,1239,4678,n
568,1239,4679,n
568,1239,4680,n
568,1239,4681,y
569,1240,4682,y
569,1240,4683,n
569,1240,4684,n
569,1240,4685,n
569,1241,4686,n
569,1241,4687,n
569,1241,4688,n
569,1241,4689,y
570,1242,4690,n
570,1242,4691,y
570,1242,4692,n
570,1242,4693,n
570,1243,4694,y
570,1243,4695,n
570,1243,4696,n
570,1243,4697,n
399,1244,4698,n
399,1244,4699,n
399,1244,4700,y
399,1244,4701,n
571,1245,4702,n
571,1245,4703,n
571,1245,4704,y
571,1245,4705,n
572,1246,4706,y
572,1246,4707,n
572,1246,4708,n
572,1246,4709,n
573,1247,4710,n
573,1247,4711,n
573,1247,4712,n
573,1247,4713,y
574,1248,4714,y
574,1248,4715,n
574,1248,4716,n
574,1248,4717,n
574,1249,4718,n
574,1249,4719,n
574,1249,4720,n
574,1249,4721,y
575,1250,4722,y
575,1250,4723,n
575,1250,4724,n
575,1250,4725,n
575,1251,4726,y
575,1251,4727,n
575,1251,4728,n
575,1251,4729,n
575,1252,4730,n
575,1252,4731,n
575,1252,4732,n
575,1252,4733,y
576,1253,4734,n
576,1253,4735,y
576,1253,4736,n
576,1253,4737,n
577,1254,4738,n
577,1254,4739,n
577,1254,4740,y
577,1254,4741,n
577,1255,4742,y
577,1255,4743,n
577,1255,4744,n
577,1255,4745,n
578,1256,4746,n
578,1256,4747,n
578,1256,4748,y
578,1256,4749,n
579,1257,4750,n
579,1257,4751,n
579,1257,4752,n
579,1257,4753,y
580,1258,4754,n
580,1258,4755,y
580,1258,4756,n
580,1258,4757,n
